['Comedy', 'Adventure', 'Fantasy', 'Science Fiction', 'Action']
['Documentary', 'History']
['Drama', 'Action', 'Science Fiction']
['Drama', 'Thriller']
['Science Fiction', 'Mystery', 'Thriller']
['Comedy']
['Comedy', 'Horror']
['Adventure', 'Drama']
['Comedy', 'Drama']
['Adventure', 'Fantasy', 'Drama', 'Romance']
['Action', 'Adventure', 'Comedy', 'Family', 'Fantasy']
['Comedy']
['Drama']
['Drama', 'Romance']
['Action', 'Crime']
['Drama']
['Comedy', 'Animation', 'Family']
['Drama']
['Drama', 'Thriller']
['Horror']
['Thriller', 'Mystery']
['Romance', 'Comedy']
['Comedy', 'Drama']
['Thriller', 'Drama']
['Comedy']
['Adventure', 'Drama', 'Family']
['Action', 'Thriller', 'Science Fiction']
['Drama', 'Romance']
['Drama', 'Comedy', 'Romance']
['Drama', 'Romance']
['Drama', 'Mystery', 'Thriller']
['Animation', 'Comedy', 'Family']
['Action', 'Adventure', 'Mystery', 'Science Fiction', 'Thriller']
['Comedy', 'Romance']
['Horror', 'Mystery', 'Science Fiction']
['Adventure', 'Drama', 'Thriller']
['Animation', 'Family', 'Adventure']
['Horror', 'Thriller']
['Thriller', 'Action', 'Crime', 'Drama']
['Comedy']
['Drama']
['Comedy']
['Drama', 'Music']
['Comedy', 'Drama', 'Music', 'Romance']
['Comedy', 'Fantasy', 'Romance']
['Adventure', 'Family', 'Science Fiction', 'Thriller']
['Romance', 'Comedy']
['Action', 'Adventure', 'Science Fiction']
['Drama', 'Romance']
['Animation']
['Drama']
['Action', 'Mystery', 'Thriller']
['Action', 'Adventure', 'Drama', 'Thriller']
['Drama']
['Comedy', 'Drama', 'Romance']
['Comedy', 'Drama', 'Music']
['Drama']
['Action', 'Thriller', 'Science Fiction']
['Comedy', 'Romance']
['Fantasy', 'Drama']
['Drama', 'History', 'War']
['Horror']
['Action', 'Thriller', 'Crime']
['Comedy']
['Drama', 'Music']
['Drama', 'Thriller', 'Science Fiction']
['Family', 'Adventure', 'Drama', 'Fantasy']
['Crime', 'Horror', 'Mystery', 'Thriller']
['Action', 'Drama', 'Romance']
['Action', 'Adventure', 'Crime', 'Thriller']
['Action', 'Crime', 'Thriller']
['Thriller', 'Crime', 'Drama']
['Fantasy']
['Science Fiction', 'Action', 'Adventure', 'Thriller']
['Crime', 'Mystery', 'Thriller']
['Comedy', 'Drama', 'Romance']
['Crime', 'Thriller']
['Action', 'Thriller', 'Science Fiction']
['Drama', 'Fantasy', 'Horror', 'Science Fiction']
['Action', 'Comedy']
['War', 'Action', 'Adventure', 'Drama', 'Thriller']
['Drama', 'Fantasy', 'Science Fiction']
['Horror', 'Thriller']
['Action', 'Comedy']
['Drama', 'History', 'Thriller']
['Animation', 'Family', 'Adventure', 'Comedy']
['Action', 'Western']
['Action', 'Adventure', 'Thriller']
['Thriller', 'Science Fiction', 'Action', 'Adventure']
['Adventure', 'Action', 'Thriller']
['Comedy', 'Family']
['Crime', 'Drama']
['Action', 'Adventure', 'Comedy']
['Adventure', 'Fantasy', 'Action']
['Action', 'Adventure', 'Crime', 'Drama', 'Mystery', 'Thriller']
['Drama', 'Thriller', 'Action']
['Action', 'Horror', 'Science Fiction']
['Action', 'Adventure', 'Science Fiction']
['Comedy', 'Romance']
['Action', 'Drama']
['Drama', 'Thriller']
['Comedy']
['Crime', 'Drama']
['Comedy', 'Fantasy', 'Science Fiction']
['Comedy']
['Crime', 'Drama', 'Mystery', 'Thriller']
['Drama']
['Crime', 'Drama', 'Thriller']
['Romance', 'Comedy']
['Action', 'Adventure', 'Comedy']
['Comedy']
['Science Fiction', 'Thriller', 'Drama']
['Drama']
['Horror', 'Thriller']
['Drama', 'Crime', 'Thriller']
['Animation', 'Family']
['Drama']
['War']
['Drama', 'Romance']
['Adventure', 'Fantasy', 'Action']
['Action', 'Fantasy']
['Drama', 'Thriller']
['Adventure', 'Action', 'Science Fiction']
['Crime', 'Drama', 'Horror', 'Thriller']
['Adventure', 'Drama', 'Romance', 'War']
['Drama']
['Adventure', 'Fantasy', 'Drama', 'Comedy', 'Science Fiction', 'Family']
['Drama', 'Crime', 'Thriller']
['Crime', 'Comedy', 'Romance']
['Drama', 'Music', 'Romance']
['Comedy', 'Drama', 'Romance']
['Action']
['Drama', 'Family', 'Music', 'Romance']
['History', 'Romance', 'War']
['Action', 'Crime', 'Drama', 'Thriller']
['Horror', 'Thriller']
['Comedy']
['Comedy']
['Action', 'Adventure', 'Drama', 'War']
['Comedy', 'Family']
['Horror', 'Thriller']
['Thriller', 'Horror']
['Drama', 'History']
['Comedy', 'Family', 'Animation', 'Fantasy', 'Music']
['Drama', 'Romance']
['Thriller', 'Science Fiction', 'Mystery']
['Animation', 'Adventure', 'Family']
['Comedy']
['Comedy']
['Romance', 'Comedy', 'Drama']
['Comedy', 'Crime']
['Comedy']
['Adventure', 'Action', 'Thriller', 'Science Fiction']
['Action', 'Adventure', 'Comedy', 'Crime']
['Drama', 'Music']
['Thriller', 'Drama']
['Drama', 'Comedy', 'Crime']
['Action', 'Adventure', 'Fantasy', 'Science Fiction']
['Drama', 'Horror', 'Science Fiction', 'Thriller']
['Crime', 'Comedy', 'Romance']
['Romance', 'Drama']
['Horror', 'Thriller']
['Crime', 'Drama', 'Thriller']
['Crime', 'Drama', 'Mystery', 'Thriller']
['Action', 'Drama', 'Thriller']
['Drama']
['Animation', 'Comedy', 'Family', 'Adventure']
['Thriller', 'Crime', 'Action']
['Mystery', 'Drama', 'Thriller']
['Adventure', 'Comedy', 'Drama']
['Crime', 'Thriller', 'Horror', 'Drama']
['Crime', 'Drama', 'Mystery', 'Thriller']
['Comedy', 'Drama', 'Crime']
['Action', 'Drama', 'Crime', 'Thriller']
['Action']
['Action', 'Thriller', 'Science Fiction', 'Adventure']
['Comedy']
['Action', 'Drama', 'Thriller']
['Fantasy', 'Horror']
['Drama']
['Animation', 'Comedy', 'Family', 'Fantasy']
['Crime', 'Drama', 'Thriller']
['Action', 'Adventure', 'Science Fiction']
['Comedy', 'Thriller', 'Crime']
['Romance', 'Comedy', 'Crime']
['Action', 'Drama', 'Thriller', 'Crime']
['Horror']
['Crime', 'Drama', 'Thriller']
['Drama', 'Romance']
['Adventure', 'Action', 'Fantasy']
['Comedy', 'Music']
['Mystery', 'Thriller']
['Adventure', 'Action', 'Science Fiction']
['Drama', 'Romance']
['Drama', 'Crime']
['Action', 'Comedy', 'Thriller']
['Action', 'Adventure', 'Thriller']
['Comedy', 'Romance']
['Documentary']
['Comedy', 'Horror']
['Drama', 'Fantasy', 'Horror', 'Thriller']
['Crime', 'Drama', 'Romance', 'Thriller']
['Horror']
['Drama', 'Family']
['Action', 'Comedy', 'Thriller']
['Romance', 'Drama']
['Romance', 'Comedy', 'Adventure']
['Adventure', 'Action', 'Science Fiction']
['Adventure', 'Fantasy', 'Action', 'Comedy', 'Thriller']
['Drama', 'Mystery', 'Thriller']
['Drama']
['Drama', 'Thriller']
['Horror', 'Comedy']
['Comedy', 'Family', 'Science Fiction']
['Drama']
['Drama']
['Horror']
['Drama', 'Thriller']
['Action', 'Drama', 'Thriller']
['Action', 'Science Fiction']
['Horror', 'Thriller']
['Action', 'Adventure', 'Thriller']
['Thriller', 'Crime', 'Romance']
['Action', 'Thriller', 'Romance']
['Science Fiction', 'Action', 'Adventure', 'Thriller']
['Fantasy', 'Drama', 'Comedy', 'Thriller']
['Comedy', 'Action']
['Adventure', 'Fantasy', 'Action', 'Comedy', 'Science Fiction']
['Horror', 'Mystery']
['Comedy']
['Science Fiction', 'Adventure']
['Drama', 'Mystery']
['Crime', 'Comedy']
['Drama', 'History', 'Romance']
['Comedy', 'Drama', 'Thriller']
['History', 'Drama', 'Thriller', 'Crime', 'Mystery']
['Horror', 'Thriller']
['Adventure', 'Action', 'Thriller', 'Crime']
['Action', 'Comedy', 'Crime', 'Mystery']
['Comedy']
['Documentary']
['Adventure', 'Comedy', 'Science Fiction']
['Comedy', 'Romance']
['Adventure', 'Fantasy', 'Action']
['Drama']
['Drama', 'Romance']
['Adventure', 'Family', 'Fantasy']
['Drama', 'Action', 'History', 'Thriller']
['Drama']
['Romance', 'Comedy']
['Action', 'Comedy', 'Crime', 'Drama']
['Action', 'Adventure', 'Fantasy']
['Action', 'Horror']
['Thriller']
['Drama', 'History']
['Animation', 'Family', 'Comedy']
['Romance', 'Comedy', 'Drama']
['Action', 'Crime', 'Drama', 'Thriller']
['Drama']
['Drama', 'Horror', 'Mystery', 'Thriller']
['Horror', 'Thriller', 'Fantasy', 'Mystery']
['Action', 'Adventure', 'Comedy', 'Crime', 'Thriller']
['Drama', 'Family', 'Music']
['Drama', 'Mystery', 'Thriller']
['Action', 'Adventure', 'Crime', 'Thriller']
['Comedy', 'Drama']
['Action', 'Comedy', 'Crime', 'Drama', 'Thriller']
['Action', 'Thriller']
['Action', 'Comedy', 'Science Fiction']
['Family', 'Animation', 'Adventure']
['Action', 'Comedy', 'Western', 'Crime']
['Drama', 'Horror', 'Thriller']
['Drama', 'History', 'War']
['Action', 'Drama', 'Thriller', 'War']
['Drama', 'Crime']
['Horror', 'Mystery', 'Thriller']
['Fantasy', 'Comedy']
['Fantasy', 'Horror', 'Thriller']
['Action', 'Thriller']
['Animation', 'Comedy', 'Family']
['Drama', 'Romance']
['Action', 'Comedy', 'Science Fiction']
['Fantasy', 'Action', 'Adventure', 'Comedy']
['Crime', 'Drama']
['Comedy', 'Drama', 'Romance']
['Comedy', 'Drama', 'Romance']
['Action', 'Adventure', 'Comedy', 'Crime', 'Drama']
['Comedy']
['Adventure', 'Science Fiction']
['Horror', 'Thriller', 'Mystery']
['Drama', 'History', 'War']
['Music']
['Drama']
['Mystery', 'Thriller']
['Action', 'Adventure']
['Action', 'Science Fiction', 'Adventure']
['Action', 'Family', 'Fantasy']
['Fantasy', 'Adventure', 'Animation', 'Comedy', 'Family']
['Adventure', 'Family', 'Fantasy']
['Adventure', 'Comedy', 'Family']
['Documentary']
['Comedy']
['Crime', 'Drama']
['Action', 'Comedy', 'Crime', 'Thriller']
['Comedy', 'Romance']
['Animation', 'Family']
['Action', 'Adventure', 'Thriller']
['Adventure', 'Family', 'Fantasy']
['Action', 'Adventure', 'Thriller']
['Music', 'Romance']
['Comedy']
['Animation', 'Family', 'Comedy']
['Science Fiction', 'Action', 'Adventure', 'Thriller']
['Action', 'Thriller', 'Drama']
['Drama', 'History']
['Drama', 'Romance']
['Fantasy', 'Drama', 'War']
['Comedy', 'Family']
['Drama', 'Horror', 'Science Fiction', 'Thriller']
['Action', 'Adventure', 'Animation', 'Comedy', 'Family', 'Fantasy', 'Science Fiction']
['Comedy', 'Science Fiction']
['Crime', 'Drama', 'Thriller']
['War', 'Drama']
['Drama', 'Comedy']
['Action', 'Thriller', 'Science Fiction']
['Documentary']
['Comedy', 'Crime']
['Drama', 'Thriller']
['Comedy', 'Family', 'Fantasy']
['Horror', 'Thriller']
['Action', 'Crime']
['Action', 'Adventure', 'Thriller']
['Comedy']
['Comedy']
['Animation', 'Comedy', 'Family']
['Crime', 'Drama', 'Mystery', 'Thriller']
['Crime', 'Drama', 'Romance', 'Thriller']
['Thriller', 'Science Fiction', 'Mystery']
['Action', 'Adventure', 'Animation', 'Science Fiction', 'Thriller']
['Drama']
['Action', 'Adventure', 'Fantasy']
['Science Fiction']
['Drama', 'Romance', 'Comedy']
['Comedy', 'Thriller', 'Crime']
['Comedy', 'Drama', 'Romance']
['Comedy', 'Music', 'Romance']
['Comedy', 'Drama']
['Action', 'Adventure', 'Comedy', 'Science Fiction', 'Western']
['Action', 'Science Fiction', 'Thriller']
['Drama', 'Horror', 'Thriller', 'Crime']
['Comedy', 'Family', 'Fantasy']
['Drama']
['Comedy', 'Romance']
['Comedy']
['Comedy', 'Music']
['Drama', 'Foreign', 'Romance']
['Drama', 'Romance']
['War', 'History', 'Action', 'Adventure', 'Drama', 'Romance']
['Family', 'Fantasy', 'Comedy']
['Drama', 'Horror', 'Thriller', 'Romance']
['Adventure', 'Comedy']
['Adventure', 'Comedy', 'Fantasy', 'Family']
['Comedy', 'Drama', 'Romance']
['Action']
['Romance', 'Drama']
['Adventure', 'Drama', 'Action', 'Romance']
['Horror']
['Action', 'Crime', 'Fantasy']
['Drama', 'Romance']
['Western']
['Drama', 'Fantasy', 'Comedy']
['Action', 'Mystery', 'Science Fiction']
['Adventure', 'Action']
['Comedy', 'Drama', 'War']
['Comedy']
['Adventure', 'Animation', 'Comedy', 'Fantasy']
['Documentary']
['Action', 'Adventure', 'Fantasy', 'Horror']
['Horror', 'Mystery']
['Comedy', 'Drama']
['Adventure', 'Drama', 'Action']
['Drama', 'Music']
['Animation', 'Science Fiction']
['Horror', 'Thriller']
['Drama', 'Romance', 'War']
['Fantasy', 'Comedy', 'Romance']
['Thriller', 'Action', 'Fantasy', 'Horror']
['Mystery', 'Thriller', 'Drama']
['Drama', 'Science Fiction', 'Thriller']
['Crime', 'Drama', 'Thriller']
['Comedy', 'Drama', 'Romance']
['Action', 'Comedy', 'Science Fiction']
['Adventure', 'Fantasy', 'Action']
['Action', 'Comedy', 'Thriller']
['Animation', 'Adventure', 'Family']
['Science Fiction', 'Action', 'Adventure']
['Action', 'Comedy', 'Western']
['Comedy']
['Crime', 'Horror', 'Mystery']
['Action', 'Horror', 'Thriller']
['Drama']
['Adventure', 'Action', 'Thriller', 'Science Fiction']
['Horror', 'Thriller', 'Science Fiction']
['Romance', 'Adventure', 'Drama']
['Action', 'Comedy']
['Horror', 'Thriller']
['Adventure', 'Action', 'Thriller', 'Mystery']
['Science Fiction', 'Adventure', 'Action']
['Thriller', 'Crime', 'Drama']
['Adventure', 'Animation', 'Family', 'Fantasy']
['Comedy']
['Adventure', 'Family', 'Fantasy']
['Action', 'Crime', 'Drama', 'Thriller']
['Action', 'Thriller', 'Adventure', 'Crime']
['Comedy', 'Drama', 'Romance']
['Action', 'Comedy', 'Romance']
['Adventure', 'Family', 'Fantasy']
['Comedy']
['Thriller', 'Science Fiction', 'Action', 'Crime']
['Drama']
['Drama', 'Romance']
['Comedy', 'Thriller', 'Crime', 'Action']
['Science Fiction', 'Fantasy', 'Action', 'Adventure']
['Action', 'Thriller', 'Crime']
['Romance', 'Comedy']
['Action', 'Comedy', 'Documentary']
['Drama']
['Comedy']
['Comedy']
['Adventure', 'Action', 'Science Fiction']
['Science Fiction']
['Action', 'Thriller']
['Drama']
['Drama']
['Adventure', 'Action', 'Comedy']
['Science Fiction', 'Action', 'Adventure', 'Thriller']
['Adventure', 'Action', 'Science Fiction']
['Science Fiction', 'Adventure', 'Thriller']
['Drama', 'History', 'War']
['Comedy', 'Drama', 'Family']
['Comedy', 'Drama', 'Romance']
['Drama', 'Music', 'Romance']
['Comedy', 'Family', 'Fantasy', 'Romance']
['Comedy', 'War']
['Action', 'Drama']
['Comedy', 'Romance']
['Drama', 'Crime', 'Thriller']
['Adventure', 'Comedy', 'Drama', 'Science Fiction']
['Action', 'Comedy', 'Drama', 'Family', 'Thriller']
['Comedy', 'Romance']
['Horror', 'Mystery']
['Comedy']
['Drama']
['Drama', 'History', 'Romance']
['History', 'Drama']
['Drama', 'Romance']
['Fantasy', 'Action', 'Family']
['Science Fiction']
['Thriller', 'Crime', 'Drama']
['Crime', 'Drama', 'Thriller']
['Drama', 'Music']
['Romance', 'Comedy', 'Drama']
['Crime', 'Action', 'Comedy', 'Thriller']
['Drama']
['Comedy', 'Romance']
['Animation', 'Comedy', 'Family', 'Fantasy']
['Drama', 'Action', 'Crime']
['Drama', 'Romance']
['Action', 'Drama']
['Adventure', 'Animation', 'Mystery']
['Comedy', 'War']
['Adventure', 'Animation', 'Comedy', 'Family']
['Science Fiction', 'Action']
['Comedy', 'Romance', 'Drama']
['Drama', 'Comedy', 'Romance']
['Drama']
['Thriller', 'Crime', 'Drama', 'Action']
['Action', 'Comedy', 'Family', 'Adventure']
['Drama']
['Drama', 'Romance']
['Science Fiction', 'Comedy', 'Drama', 'Crime']
['Action', 'History', 'War']
['Western']
['Crime', 'Drama', 'Thriller']
['Romance', 'Comedy', 'Drama', 'Horror']
['Comedy', 'Drama', 'Romance']
['Comedy']
['Romance', 'Comedy', 'Crime', 'Drama']
['Mystery', 'Crime', 'Drama', 'Thriller']
['Adventure', 'Action']
['Action', 'Drama', 'History', 'War']
['Comedy', 'Drama', 'Romance']
['Crime', 'Drama', 'Romance']
['Drama']
['Comedy', 'Drama', 'Romance']
['Adventure', 'Action', 'Thriller', 'Science Fiction']
['Drama']
['Action', 'Comedy', 'Romance', 'Thriller']
['Drama', 'Fantasy', 'Horror']
['Thriller', 'Crime', 'Drama']
['Crime', 'Drama', 'Comedy']
['Action', 'Thriller', 'Crime']
['Comedy', 'Horror']
['Mystery', 'Science Fiction']
['Adventure', 'Family', 'Mystery', 'Science Fiction']
['Drama', 'Music']
['Action', 'Adventure', 'Crime']
['Romance', 'Science Fiction', 'Drama']
['Action', 'Adventure', 'Drama', 'Thriller']
['Animation', 'Science Fiction', 'Thriller']
['Thriller', 'Crime', 'Drama', 'Mystery']
['Comedy', 'Romance', 'Drama']
['Comedy', 'Drama', 'Romance']
['Horror', 'Thriller']
['Comedy', 'Romance', 'Drama']
['Action', 'Drama', 'Thriller', 'War']
['Action', 'Thriller']
['Drama', 'Romance']
['Science Fiction']
['Animation', 'Comedy', 'Family', 'Fantasy']
['Crime', 'Drama']
['Family', 'Drama', 'Action', 'Western', 'Romance']
['Action', 'Science Fiction', 'Adventure', 'Mystery']
['Horror']
['Comedy', 'Drama']
['Drama', 'Thriller']
['Comedy', 'Crime', 'Drama']
['Drama', 'Action']
['Drama', 'Romance']
['Comedy']
['Comedy', 'Crime']
['Action', 'Comedy', 'Crime', 'Thriller']
['Crime', 'Drama']
['Action', 'Comedy', 'Crime', 'Romance']
['Comedy', 'Romance']
['Drama']
['Drama']
['Science Fiction', 'Horror', 'Action']
['Drama', 'History']
['Thriller', 'Crime', 'Drama']
['History', 'Action', 'Drama', 'Adventure', 'War']
['Drama', 'Romance', 'War']
['Comedy', 'Fantasy']
['Comedy']
['Fantasy', 'Animation', 'Family']
['Drama', 'Romance']
['Action', 'Adventure', 'Science Fiction']
['Drama', 'Action', 'Adventure', 'History', 'War']
['Action', 'Adventure', 'Comedy', 'Crime', 'Mystery', 'Thriller']
['Action', 'Thriller']
['Adventure', 'Drama', 'Family']
['Adventure', 'Action', 'Comedy', 'Thriller', 'Crime']
['Crime', 'Comedy', 'Action']
['Horror', 'Mystery', 'Thriller']
['Drama']
['Drama']
['Horror']
['Action', 'Adventure', 'Fantasy']
['Action', 'Horror', 'Science Fiction']
['Western']
['Drama']
['Fantasy', 'Adventure', 'Family']
['Science Fiction', 'Action', 'Adventure']
['Romance', 'Drama', 'Thriller', 'Crime']
['Thriller', 'Drama', 'Mystery']
['Romance', 'Comedy', 'Drama']
['Comedy', 'Music']
['Adventure', 'Drama', 'Family']
['Adventure', 'Action', 'Science Fiction']
['Fantasy', 'Drama', 'Romance']
['Comedy', 'Drama']
['Drama', 'Romance']
['Comedy']
['Fantasy', 'Comedy', 'Family']
['Thriller', 'Fantasy', 'Comedy', 'Family', 'Mystery']
['Drama']
['Science Fiction', 'Action', 'Adventure']
['Thriller', 'Action', 'Drama', 'Crime']
['Action', 'Drama', 'Thriller']
['Action', 'Adventure', 'Drama']
['War', 'Action']
['Drama']
['Drama', 'Romance']
['Action', 'Fantasy', 'Adventure']
['Adventure', 'Action', 'Comedy', 'Thriller', 'Crime']
['Drama']
['Thriller', 'Action', 'Crime']
['Adventure', 'Action', 'Thriller', 'Crime', 'Mystery']
['Crime', 'Drama', 'Action', 'Thriller']
['Crime', 'Drama', 'Mystery', 'Thriller']
['Comedy', 'Drama']
['Action', 'Comedy']
['Drama']
['Science Fiction', 'Thriller']
['Drama', 'Mystery', 'Romance', 'Science Fiction', 'Thriller']
['Drama', 'Crime']
['Comedy', 'Drama', 'Romance']
['Horror', 'Drama', 'Thriller']
['Action', 'Adventure', 'Drama', 'History']
['Adventure', 'Horror', 'Action', 'Science Fiction']
['Action', 'Crime', 'Horror', 'Thriller']
['Drama']
['Comedy']
['Drama', 'Science Fiction', 'Mystery']
['Adventure', 'Thriller']
['Adventure', 'Action', 'Fantasy']
['Family', 'Fantasy', 'Science Fiction', 'Adventure', 'Comedy']
['Drama']
['Action']
['Music']
['Horror', 'Comedy']
['Comedy', 'Drama', 'Romance']
['Fantasy', 'Action']
['Action', 'Thriller']
['Action', 'Thriller', 'Adventure']
['Action', 'Thriller', 'Crime']
['Comedy', 'Crime', 'Science Fiction', 'Thriller']
['Drama']
['Comedy', 'Drama', 'Romance']
['Mystery', 'Action', 'Thriller', 'Science Fiction', 'Adventure']
['Drama', 'Horror', 'Action', 'Thriller', 'Science Fiction']
['Comedy', 'Drama', 'Romance']
['Drama', 'Family', 'Foreign']
['Comedy', 'Romance']
['Comedy', 'Romance']
['Action', 'Adventure', 'Comedy', 'Thriller']
['Action']
['Action', 'Crime', 'Science Fiction', 'Thriller']
['Mystery', 'Thriller', 'Action']
['Science Fiction']
['Action', 'Comedy', 'Crime']
['Drama', 'Mystery', 'Thriller', 'Crime']
['Horror', 'Mystery']
['Crime', 'Drama']
['Crime', 'Drama', 'Mystery', 'Thriller']
['Animation', 'Action', 'Family', 'Science Fiction']
['Drama', 'History']
['Music', 'Comedy', 'Action', 'Crime']
['Drama', 'History', 'War']
['Horror']
['Comedy', 'Romance']
['Family', 'Animation', 'Adventure', 'Comedy']
['Adventure', 'Fantasy', 'Action', 'Comedy', 'Family']
['Comedy', 'Romance']
['Adventure', 'Comedy', 'Family', 'Science Fiction']
['Adventure', 'Action', 'Thriller']
['Comedy']
['Animation', 'Fantasy']
['Action', 'Adventure', 'Family']
['Action', 'Adventure', 'Science Fiction']
['Family', 'Animation']
['Horror', 'Mystery']
['Romance', 'Fantasy', 'Family', 'Drama']
['Comedy']
['Comedy', 'Romance']
['Romance', 'Comedy', 'Family']
['Drama', 'Mystery', 'Romance', 'Thriller']
['Horror', 'Comedy', 'Romance']
['Drama', 'Western']
['Comedy', 'Family', 'Fantasy', 'Science Fiction']
['Comedy', 'Drama', 'Romance']
['Drama', 'Romance']
['Comedy', 'Family']
['Action', 'Comedy', 'Thriller', 'Crime']
['Family', 'Animation']
['Drama']
['Action', 'Crime', 'Thriller']
['Drama', 'Romance']
['Crime', 'Drama', 'Mystery']
['Adventure', 'Fantasy', 'Animation', 'Family']
['Horror', 'Thriller', 'Mystery']
['Drama', 'Mystery', 'Thriller']
['Action', 'Crime', 'Drama', 'Thriller']
['Drama', 'Science Fiction']
['Drama', 'Comedy']
['Drama', 'Crime', 'History']
['Comedy', 'Romance']
['Crime', 'Thriller']
['Fantasy', 'Action', 'Adventure', 'Animation', 'Comedy', 'Family']
['Fantasy', 'Horror', 'Comedy']
['Drama', 'Thriller', 'Crime']
['Drama']
['Drama', 'History']
['Crime', 'Action', 'Adventure']
['Drama', 'Adventure']
['Drama', 'War']
['Action', 'Drama', 'History', 'War']
['Animation', 'Comedy', 'Family', 'Fantasy']
['Adventure', 'Animation', 'Family']
['Comedy', 'Crime']
['Fantasy', 'Comedy', 'Family', 'Romance']
['Comedy', 'Drama']
['Action', 'Thriller', 'Science Fiction']
['Action', 'Thriller']
['Action', 'Comedy', 'Crime', 'Drama', 'Music']
['Crime', 'Drama', 'Mystery', 'Thriller', 'Action']
['Drama', 'Action', 'History', 'War']
['Science Fiction', 'Action', 'Thriller']
['Drama', 'Mystery', 'Romance']
['Action', 'Comedy']
['Comedy', 'Romance']
['Comedy']
['Comedy']
['Horror', 'Thriller', 'Mystery']
['Animation', 'Family', 'Adventure', 'Comedy', 'Fantasy']
['Action', 'Crime', 'Thriller']
['Adventure', 'Action', 'Thriller']
['Horror', 'Comedy']
['Comedy', 'Crime']
['Adventure', 'Family', 'Fantasy', 'Science Fiction', 'Thriller', 'Action']
['Crime', 'Drama', 'Mystery', 'Western']
['Animation', 'Adventure', 'Family', 'Comedy']
['Comedy', 'Romance']
['Drama']
['Thriller']
['Science Fiction', 'Horror', 'Action']
['Drama', 'Action', 'Comedy', 'Western', 'Music']
['Comedy', 'Drama']
['Horror']
['Horror', 'Thriller', 'Crime']
['Crime', 'Comedy', 'Adventure']
['Crime', 'Drama', 'Thriller']
['Adventure', 'Fantasy', 'Animation', 'Action', 'Comedy']
['Fantasy', 'Drama', 'Thriller', 'Mystery', 'Romance']
['Drama', 'Comedy']
['Horror']
['Comedy', 'Crime']
['Drama', 'Thriller', 'Fantasy', 'Mystery']
['Comedy']
['Thriller']
['Science Fiction', 'Adventure', 'Action']
['Science Fiction', 'Drama']
['Crime', 'Thriller']
['Comedy']
['Action', 'Adventure', 'Drama']
['Adventure', 'Comedy', 'History', 'Romance']
['History', 'Drama']
['Romance', 'Drama']
['War', 'Drama', 'History', 'Action']
['Drama', 'Romance']
['Adventure', 'Science Fiction', 'Thriller']
['Adventure', 'Fantasy', 'Romance', 'Family']
['Comedy']
['Thriller', 'Drama']
['Adventure', 'Drama', 'Action']
['Family', 'Animation', 'Adventure', 'Comedy']
['Adventure', 'Science Fiction']
['Action', 'Thriller']
['Action']
['Drama', 'Thriller', 'Crime']
['Thriller', 'Horror']
['Drama', 'Action', 'Comedy', 'Crime']
['Comedy', 'Crime', 'Mystery', 'Thriller']
['Comedy', 'Romance']
['Drama']
['Drama']
['Action', 'Adventure', 'Science Fiction', 'Thriller']
['Animation', 'Comedy', 'Family']
['Drama', 'Thriller', 'Horror']
['Drama', 'Romance']
['Horror']
['Drama', 'Thriller', 'History', 'War']
['Thriller', 'Crime', 'Drama']
['Documentary']
['Comedy']
['Fantasy', 'Drama', 'Thriller', 'Mystery', 'Romance']
['Fantasy', 'Drama', 'Comedy', 'Romance', 'Family']
['Fantasy', 'Family', 'Comedy', 'Animation']
['Thriller', 'Crime']
['Action', 'Thriller']
['Comedy', 'Romance']
['Action', 'Science Fiction', 'Thriller']
['Horror', 'Mystery', 'Thriller']
['Horror']
['Thriller', 'Action', 'Drama']
['Drama']
['Romance', 'History']
['Fantasy', 'Drama', 'Romance']
['Comedy', 'Adventure', 'Fantasy', 'Animation', 'Family']
['Action', 'Thriller', 'Adventure', 'Crime']
['Comedy', 'Fantasy', 'Romance']
['Romance', 'Comedy']
['Action', 'Drama', 'Science Fiction', 'Thriller']
['Horror', 'Action']
['Drama']
['Animation', 'Family']
['Horror', 'Drama', 'Science Fiction']
['Family', 'Horror']
['Drama', 'Action', 'Thriller']
['Comedy', 'Romance']
['Drama']
['Horror', 'Thriller']
['Comedy', 'Drama', 'Fantasy', 'Horror', 'Mystery']
['Action', 'Drama', 'Western']
['Drama']
['Action', 'Adventure', 'Crime', 'Drama']
['Crime', 'Thriller', 'Drama']
['Drama', 'Thriller']
['Comedy', 'Romance', 'Drama']
['Horror']
['Action', 'Fantasy', 'Thriller']
['Drama', 'History', 'War']
['Drama', 'Family', 'Fantasy']
['Comedy']
['Horror', 'Mystery', 'Science Fiction']
['Action', 'Thriller', 'Science Fiction']
['Romance']
['Comedy', 'Crime', 'Drama']
['Thriller', 'Action', 'Drama']
['Horror', 'Action', 'Science Fiction']
['Adventure', 'Comedy', 'Science Fiction']
['Science Fiction', 'Action', 'Adventure']
['Comedy', 'Drama', 'Family', 'Science Fiction']
['Drama', 'Romance']
['Drama', 'History', 'Crime', 'Thriller', 'Action']
['Comedy', 'Fantasy']
['Horror', 'Mystery', 'Science Fiction']
['Action', 'Adventure']
['Adventure', 'Action', 'Thriller']
['Horror', 'Thriller']
['Drama', 'History']
['Action', 'Fantasy', 'Science Fiction']
['Horror']
['Western']
['Family', 'Fantasy', 'Comedy']
['Action', 'Thriller']
['Comedy', 'Drama']
['Drama']
['Adventure', 'Fantasy', 'Animation']
['Drama', 'Comedy']
['Fantasy', 'Action', 'Horror']
['Action', 'Thriller', 'Science Fiction', 'Mystery', 'Adventure']
['Drama']
['Comedy', 'Science Fiction']
['Crime', 'Drama', 'Music']
['Family', 'Animation', 'Adventure', 'Comedy']
['Comedy']
['Comedy', 'Romance']
['Fantasy', 'Drama', 'Horror', 'Action', 'Thriller', 'Science Fiction']
['Comedy', 'Family', 'Fantasy']
['Drama', 'History']
['Drama']
['Drama', 'Comedy', 'Animation', 'Family']
['Horror', 'Mystery', 'Thriller']
['Comedy']
['Drama', 'Music', 'Romance']
['Comedy', 'Romance']
['Comedy', 'Drama', 'Romance']
['Action', 'Adventure', 'Science Fiction', 'Thriller']
['Documentary']
['Drama', 'Romance', 'War']
['Action', 'Adventure', 'Comedy']
['Science Fiction']
['Adventure', 'Fantasy', 'Action', 'Thriller']
['Documentary']
['Adventure', 'Drama', 'War']
['Drama', 'Romance']
['Drama', 'Romance']
['Drama', 'Comedy', 'Romance']
['Comedy', 'Drama']
['Drama', 'Mystery', 'Thriller']
['Comedy', 'Crime']
['Action', 'Adventure', 'Drama', 'Mystery', 'Romance', 'Fantasy']
['Drama', 'Romance']
['Drama']
['Action', 'Crime', 'Thriller']
['Comedy', 'Crime', 'Romance']
['Music', 'Comedy', 'Romance']
['Action', 'Adventure', 'Comedy', 'Family']
['Action', 'Drama', 'Crime']
['Crime', 'Drama', 'Mystery']
['Thriller', 'Horror', 'Mystery']
['Adventure', 'Comedy', 'Drama', 'Fantasy']
['Comedy', 'Crime', 'Thriller']
['Thriller', 'Mystery']
['Comedy', 'Drama', 'Family', 'Music']
['Crime', 'Thriller']
['Action', 'Thriller', 'Adventure']
['Comedy', 'Drama', 'Romance']
['Horror', 'Thriller']
['Crime', 'Drama', 'Mystery', 'Thriller']
['Action', 'Drama', 'Mystery', 'Thriller', 'Crime']
['Animation', 'Comedy', 'Family']
['Comedy', 'Drama', 'History']
['Comedy']
['Drama', 'Action', 'Thriller', 'Crime']
['Drama', 'Romance', 'Comedy']
['Animation', 'Family', 'Music']
['Comedy', 'Crime']
['Action', 'Drama', 'Thriller']
['Fantasy', 'Drama']
['Horror', 'Thriller']
['Horror', 'Science Fiction', 'Thriller']
['Adventure', 'Family', 'Fantasy', 'Music']
['Action', 'Thriller']
['Drama', 'Horror', 'Thriller', 'Romance']
['Romance', 'Comedy']
['Action', 'Drama', 'Thriller']
['Comedy', 'Crime']
['Horror', 'Thriller']
['Action', 'Adventure', 'Comedy']
['Romance', 'Drama', 'Comedy']
['Thriller', 'Crime']
['Comedy', 'Romance']
['Drama', 'Comedy']
['Action', 'Adventure', 'Crime', 'Fantasy', 'Science Fiction']
['Animation', 'Comedy', 'Family']
['Comedy']
['Action', 'Science Fiction']
['Romance', 'Fantasy', 'Drama', 'Comedy']
['Drama', 'Romance']
['Adventure', 'Horror', 'Thriller']
['Drama', 'History', 'Music']
['Comedy', 'Science Fiction']
['Drama']
['Adventure', 'Comedy', 'Fantasy']
['Drama', 'Romance']
['Horror', 'Thriller']
['Thriller', 'Action', 'Crime']
['Action', 'Adventure', 'Drama', 'Thriller']
['Romance', 'Drama']
['Crime', 'Drama', 'Horror', 'Thriller']
['Drama', 'Romance']
['Comedy']
['Action', 'Crime', 'Thriller']
['Comedy', 'Romance', 'Drama']
['Action', 'Adventure', 'Thriller', 'Science Fiction']
['Comedy', 'Horror']
['Drama', 'Mystery', 'Thriller', 'Crime']
['Drama']
['Adventure']
['Crime', 'Drama', 'Mystery']
['Adventure', 'Drama', 'Thriller']
['Drama', 'Romance']
['Drama', 'Action', 'Crime']
['Romance', 'Drama', 'Mystery']
['Comedy', 'Romance']
['Horror', 'Mystery']
['Adventure', 'Action', 'Crime', 'Mystery']
['Drama']
['Action', 'Science Fiction']
['Comedy', 'Fantasy']
['Crime', 'Drama', 'Thriller']
['Comedy', 'Drama', 'Romance']
['Adventure', 'Action']
['Horror', 'Thriller']
['Family', 'Comedy']
['Action', 'Comedy']
['Animation', 'Family']
['Drama', 'Thriller']
['Action', 'Adventure', 'Horror', 'Science Fiction']
['War', 'Drama']
['Action', 'Drama', 'History', 'Thriller', 'War']
['Thriller', 'Science Fiction', 'Drama', 'Mystery']
['Romance', 'Comedy', 'Family']
['Adventure', 'Animation', 'Drama', 'Family']
['Comedy', 'Adventure', 'Romance']
['Adventure', 'Fantasy', 'Drama', 'Romance']
['Horror', 'Science Fiction']
['Action', 'Drama', 'Horror', 'Science Fiction', 'Thriller']
['Drama', 'Thriller', 'Crime']
['Drama', 'Romance']
['Fantasy', 'Action', 'Adventure', 'Family', 'Comedy']
['Adventure', 'Family', 'Science Fiction', 'Action']
['Adventure', 'Drama', 'Western']
['Fantasy', 'Adventure', 'Family']
['Drama', 'Crime', 'Thriller']
['Action', 'Adventure', 'Fantasy', 'Science Fiction']
['Action', 'Comedy']
['Drama', 'Thriller', 'Crime']
['Action', 'Crime', 'Thriller']
['Comedy', 'Drama', 'War']
['Drama', 'Romance']
['Science Fiction', 'Action', 'Thriller', 'Adventure']
['Horror', 'Thriller']
['Fantasy', 'Comedy', 'Romance']
['Thriller', 'Crime', 'Drama']
['Horror', 'Thriller', 'Fantasy']
['Family', 'Comedy']
['Action', 'Adventure', 'Animation', 'Comedy', 'Family']
['Action', 'Adventure', 'Science Fiction']
['Documentary', 'Music', 'Family']
['Action', 'Science Fiction', 'Adventure', 'Comedy', 'Family']
['Adventure', 'Action', 'Thriller', 'Science Fiction']
['Comedy', 'Drama', 'Family', 'Romance']
['Romance', 'Comedy']
['Drama', 'Romance']
['Comedy', 'Family']
['Comedy']
['Horror', 'Thriller', 'Crime']
['Adventure', 'Action', 'Thriller', 'Science Fiction']
['Thriller', 'Horror']
['Comedy', 'Romance']
['Drama', 'History']
['Adventure', 'Family', 'Fantasy']
['Action', 'Drama', 'Thriller', 'Crime']
['Comedy', 'Family', 'Romance']
['Science Fiction', 'Action', 'Thriller']
['Family', 'Fantasy']
['Action', 'Science Fiction', 'Adventure']
['Comedy', 'Romance']
['Action', 'Science Fiction', 'Adventure', 'Thriller']
['Adventure', 'Drama', 'Family']
['Drama', 'Crime', 'Music']
['Comedy', 'Romance']
['Drama']
['Action', 'Adventure', 'Comedy', 'Family', 'Science Fiction']
['Drama']
['Thriller', 'Action', 'Science Fiction']
['Adventure', 'Drama', 'Romance', 'Action']
['Adventure', 'Action', 'Thriller']
['Horror']
['Thriller', 'Drama', 'Mystery']
['Comedy', 'Family']
['Action', 'Thriller']
['Music', 'Drama', 'Romance']
['Western']
['Action', 'Adventure', 'War', 'History']
['Drama']
['Comedy']
['Fantasy', 'Action', 'Thriller']
['Drama', 'History', 'War']
['Action', 'Crime', 'Thriller']
['Action']
['Drama']
['War', 'Adventure', 'Drama', 'Romance']
['Comedy', 'Drama', 'History']
['Comedy', 'Drama', 'Romance']
['War', 'Western']
['Drama']
['Action', 'Adventure', 'Thriller']
['Drama', 'Music', 'Romance']
['Drama', 'Music']
['Adventure', 'Fantasy']
['Comedy', 'Romance', 'Drama']
['Horror', 'Thriller']
['Romance', 'Drama']
['Drama', 'Adventure', 'Romance', 'Thriller']
['Adventure', 'Drama', 'Comedy']
['Adventure']
['Comedy', 'Drama']
['Drama']
['Action', 'Adventure', 'Science Fiction']
['Comedy', 'Science Fiction', 'Romance', 'Horror']
['Romance', 'Comedy']
['Action', 'Adventure', 'Science Fiction', 'Thriller']
['Drama']
['Drama', 'Science Fiction']
['Horror', 'Comedy']
['Comedy']
['History', 'Crime', 'Drama']
['Action', 'Science Fiction']
['Action', 'Drama']
['Adventure', 'Action', 'Thriller']
['Drama', 'Music', 'Romance']
['Comedy']
['Animation', 'Comedy', 'Adventure', 'Family', 'Science Fiction']
['Comedy', 'Drama']
['Drama', 'Family', 'Music', 'Romance']
['Drama', 'Thriller', 'Mystery', 'Music', 'Romance']
['Drama', 'History']
['Drama']
['Action', 'Adventure', 'Thriller']
['Drama']
['Crime', 'Action', 'Mystery', 'Thriller']
['Comedy', 'Drama', 'Romance']
['Action', 'Thriller']
['Fantasy', 'Drama', 'Mystery']
['Action', 'Adventure', 'Science Fiction', 'Thriller']
['Adventure', 'Action', 'Thriller', 'Science Fiction']
['Action', 'Adventure', 'Romance', 'Western']
['War', 'Drama', 'History']
['Romance', 'Drama']
['Fantasy', 'Action', 'Drama']
['Animation', 'Comedy', 'Family']
['Comedy']
['Drama', 'History', 'Thriller']
['Horror', 'Thriller']
['Action', 'Drama', 'Mystery', 'Thriller']
['Comedy', 'Drama', 'Romance']
['Drama']
['Adventure', 'Fantasy', 'Action']
['Horror', 'Thriller']
['Crime', 'Action', 'Comedy']
['Horror', 'Thriller']
['Adventure', 'Family', 'Science Fiction']
['Comedy', 'Drama']
['Action', 'Drama']
['Drama', 'Romance']
['Action', 'Thriller', 'Mystery']
['Crime', 'Drama', 'Thriller', 'History']
['Drama', 'Comedy', 'Romance']
['Science Fiction', 'Drama']
['Action', 'Comedy', 'Crime']
['Thriller']
['Adventure', 'Animation', 'Comedy', 'Family', 'Fantasy']
['Family', 'Animation']
['Horror', 'Mystery', 'Thriller']
['Drama']
['Horror', 'Thriller']
['Comedy', 'Romance']
['Drama', 'Thriller']
['Adventure', 'Family']
['Drama', 'Action', 'Western']
['Action', 'Crime', 'Thriller']
['Drama']
['Drama', 'Science Fiction', 'Mystery']
['Drama', 'Action', 'Romance']
['Comedy', 'Drama', 'Romance']
['Romance']
['Drama']
['Action', 'Thriller']
['Drama', 'Science Fiction', 'Adventure']
['Adventure', 'Drama', 'Action']
['Drama', 'Crime']
['Western']
['Action', 'Science Fiction']
['Comedy']
['Thriller', 'Mystery']
['Action', 'Thriller', 'Crime']
['Drama', 'Crime']
['Drama', 'Horror', 'Mystery', 'Thriller']
['Science Fiction', 'Action', 'Adventure', 'Thriller']
['Thriller', 'Mystery']
['Science Fiction', 'Action', 'Adventure']
['Action', 'Adventure', 'Drama', 'Mystery', 'Science Fiction', 'Thriller']
['Comedy']
['Comedy']
['Comedy', 'Romance']
['Action', 'Crime', 'Drama', 'Thriller']
['Comedy', 'Drama', 'Romance']
['Thriller', 'Crime', 'Mystery', 'Drama']
['Adventure', 'Drama', 'Romance']
['Comedy', 'Romance']
['Drama', 'Action', 'Thriller', 'Crime']
['Comedy', 'Drama', 'Music', 'Romance']
['Adventure', 'Action', 'Thriller']
['Adventure', 'Comedy', 'Family', 'Romance']
['Thriller', 'Horror', 'Drama', 'Mystery']
['Comedy', 'Romance']
['Romance', 'Comedy', 'Drama']
['Comedy', 'Drama', 'Mystery']
['Action', 'Crime', 'Thriller']
['Horror', 'Thriller']
['History', 'Documentary', 'Music']
['Action', 'Adventure', 'Crime', 'Thriller']
['Fantasy', 'Drama', 'Science Fiction', 'Romance']
['Thriller', 'Action', 'Horror']
['Action', 'Comedy', 'Crime']
['Horror', 'Thriller', 'Crime']
['Comedy']
['Action', 'Drama', 'Thriller']
['Horror', 'Comedy']
['Action', 'Adventure', 'Thriller', 'War']
['Comedy', 'Horror']
['Action', 'Adventure', 'Thriller']
['Action', 'Thriller', 'Crime']
['Horror', 'Mystery']
['War', 'Drama']
['Animation', 'Comedy', 'Adventure', 'Family']
['Horror', 'Science Fiction', 'Thriller']
['Action', 'Science Fiction']
['Crime', 'Drama', 'Mystery', 'Thriller']
['Drama', 'Romance']
['Animation', 'Comedy', 'Family']
['Drama', 'Mystery', 'Thriller']
['Horror', 'Mystery']
['Adventure', 'Fantasy', 'Action', 'Comedy', 'Family']
['Action', 'Crime']
['Drama', 'History', 'Romance']
['Comedy', 'Romance']
['Action', 'Drama']
['Action', 'Crime', 'Thriller']
['Horror', 'Mystery', 'Science Fiction']
['Thriller', 'Drama']
['Fantasy', 'Adventure', 'Animation', 'Family']
['Comedy']
['Drama', 'Thriller', 'History']
['Drama', 'Crime']
['Drama', 'Romance']
['Comedy', 'Drama']
['Drama', 'Crime']
['Horror', 'Thriller']
['Fantasy', 'Drama', 'Comedy']
['Animation', 'Family']
['Action', 'Horror', 'Science Fiction', 'Thriller']
['Music', 'Adventure', 'Animation', 'Action', 'Comedy']
['Science Fiction', 'Action', 'Adventure']
['Action', 'Comedy', 'Crime']
['Adventure', 'Fantasy', 'Family']
['Drama', 'Family']
['Adventure', 'Comedy', 'Family']
['Adventure', 'Comedy', 'Family', 'Science Fiction']
['Romance', 'Comedy']
['Action', 'Crime', 'Drama', 'Mystery', 'Thriller']
['Action', 'Thriller']
['History', 'Drama']
['Animation', 'Adventure', 'Comedy', 'Family']
['Thriller', 'Crime']
['Comedy']
['Action', 'Comedy']
['Crime', 'Drama']
['Drama', 'Crime', 'Thriller']
['Fantasy', 'Romance', 'Family', 'Comedy']
['Action', 'Science Fiction']
['Adventure', 'Animation', 'Comedy', 'Family']
['Documentary', 'Comedy', 'Drama']
['Science Fiction', 'Thriller']
['Adventure', 'Fantasy']
['Action', 'Adventure', 'Horror', 'Thriller']
['Crime', 'Drama', 'History', 'Thriller']
['Horror']
['Adventure', 'Drama']
['Action', 'Crime', 'Thriller']
['Science Fiction', 'Adventure', 'Action', 'Comedy', 'Family']
['Crime', 'Thriller']
['Drama']
['Comedy', 'Romance']
['Action', 'Thriller']
['Comedy', 'Family', 'Fantasy']
['Comedy', 'Drama']
['Action', 'Adventure', 'Drama', 'Horror', 'Science Fiction']
['War', 'Comedy', 'Drama']
['Animation', 'Drama']
['Family', 'Adventure', 'Animation', 'Comedy']
['Action', 'Crime', 'Comedy']
['Family', 'Comedy']
['Drama', 'Romance']
['Comedy', 'Adventure', 'Romance']
['Comedy', 'Animation', 'Family']
['Action', 'Adventure', 'Science Fiction']
['Comedy']
['Drama', 'Crime']
['Adventure', 'Fantasy', 'Action', 'Thriller', 'Science Fiction']
['Action', 'Comedy', 'Thriller']
['Action', 'Adventure', 'Crime', 'Thriller']
['Adventure', 'Action', 'Thriller', 'Crime']
['Science Fiction', 'Comedy', 'Adventure']
['Fantasy', 'Drama', 'Crime']
['Adventure', 'Comedy', 'Romance']
['Horror', 'Thriller']
['Action', 'Comedy', 'Thriller', 'Crime', 'Mystery']
['Horror', 'Thriller']
['Comedy']
['Mystery', 'Science Fiction', 'Thriller']
['Action', 'Adventure', 'Drama', 'Mystery', 'Science Fiction', 'Thriller']
['Horror', 'Romance']
['Adventure', 'Action', 'Horror']
['Crime', 'Drama', 'Mystery']
['Comedy', 'Crime', 'Mystery']
['Comedy']
['Horror', 'Mystery']
['Horror', 'Comedy']
['Comedy', 'Drama']
['Thriller', 'Crime', 'Drama']
['Action', 'Crime', 'Fantasy']
['Action', 'Adventure', 'Comedy']
['Action', 'Adventure', 'Fantasy', 'Science Fiction']
['Action', 'Comedy', 'Crime', 'Fantasy']
['Action', 'Thriller', 'Science Fiction']
['Comedy']
['Comedy', 'Drama']
['Action', 'Western']
['Comedy', 'Drama', 'Romance']
['Comedy']
['Adventure', 'Fantasy', 'Drama']
['Drama', 'Thriller', 'Mystery', 'Action']
['Action', 'Comedy', 'Horror', 'Mystery', 'Science Fiction', 'Thriller']
['Comedy', 'Drama', 'Romance', 'Fantasy', 'Music']
['Drama', 'History']
['Drama', 'Adventure', 'Romance']
['Thriller', 'Drama']
['Fantasy', 'Drama', 'Thriller', 'Romance']
['Action', 'Adventure', 'Comedy', 'Drama', 'Mystery']
['Comedy', 'Drama', 'Romance']
['Comedy', 'Drama']
['Animation', 'Family', 'Action', 'Adventure', 'Comedy']
['Science Fiction', 'Action', 'Adventure', 'Thriller']
['Drama', 'Thriller', 'Crime']
['Comedy', 'Romance']
['Comedy', 'Family', 'Animation', 'Adventure']
['Comedy', 'Mystery']
['Adventure']
['Comedy']
['Drama', 'Romance']
['Action', 'Crime']
['Comedy']
['Drama', 'Comedy']
['Drama']
['Adventure', 'Action', 'Thriller']
['Comedy', 'Drama']
['Adventure', 'Science Fiction']
['Animation', 'Comedy', 'Drama', 'Family', 'Fantasy']
['Action', 'Thriller']
['Drama', 'Thriller', 'Crime']
['Drama', 'Crime']
['Adventure', 'Drama', 'Thriller']
['Drama', 'Romance']
['Action', 'Adventure', 'Thriller']
['Action', 'Adventure']
['Drama']
['Drama', 'Romance', 'Crime', 'Mystery']
['Action', 'Comedy', 'Family']
['Comedy']
['Crime', 'Drama', 'Thriller']
['Thriller', 'Science Fiction', 'Mystery']
['Drama', 'War']
['Action', 'Thriller']
['Thriller', 'Action', 'Drama', 'History']
['Comedy']
['Crime', 'Mystery', 'Thriller', 'Action']
['History', 'Drama']
['Fantasy', 'Comedy', 'Music']
['Horror', 'Science Fiction', 'Thriller']
['Drama', 'History']
['Action', 'Science Fiction', 'Adventure']
['Comedy']
['Drama', 'Fantasy']
['Thriller', 'Horror']
['Drama', 'Romance']
['Drama']
['Romance', 'Drama', 'History']
['Comedy', 'Drama']
['Drama', 'Comedy', 'Romance']
['Drama', 'Action', 'Thriller', 'Crime']
['Drama', 'Comedy', 'Romance']
['Action', 'Crime', 'Drama', 'Thriller']
['Comedy']
['Action', 'Crime', 'Mystery', 'Thriller']
['Comedy', 'Drama', 'Romance']
['Action', 'Drama', 'History']
['Drama', 'Thriller', 'Mystery']
['Crime', 'Drama', 'Thriller']
['Crime', 'Drama', 'Thriller']
['Drama']
['Action', 'Crime', 'Thriller']
['Romance', 'Comedy']
['Drama']
['Horror', 'Thriller']
['Action', 'Comedy', 'Romance']
['Adventure', 'Action']
['Comedy', 'Fantasy']
['Documentary']
['Adventure', 'Action', 'Drama', 'Thriller']
['Action', 'Adventure', 'Comedy']
['Action', 'Comedy', 'Crime']
['Drama', 'Thriller']
['War', 'Drama', 'Action']
['Comedy', 'Romance', 'Family']
['Thriller', 'Drama', 'Mystery']
['Action']
['Horror', 'Thriller']
['Drama', 'Family']
['Comedy', 'Drama']
['Action', 'Adventure', 'Comedy', 'Western']
['Action', 'Crime', 'Drama', 'Thriller']
['Comedy', 'Romance', 'Drama']
['Thriller', 'Horror']
['Action', 'Thriller', 'Science Fiction', 'Mystery']
['Comedy', 'Crime', 'Drama']
['Drama', 'History', 'War', 'Action']
['Comedy']
['Drama', 'Romance']
['Comedy', 'Crime', 'Thriller']
['Action', 'Crime', 'Drama', 'Thriller']
['Animation', 'Family', 'Foreign']
['Comedy']
['Action', 'Adventure', 'Comedy', 'Family', 'Fantasy', 'Science Fiction']
['Drama', 'History', 'Romance']
['Drama', 'Romance']
['Science Fiction', 'Action', 'Adventure']
['Action', 'Adventure', 'Fantasy', 'Science Fiction']
['Drama', 'Comedy']
['Action', 'Crime']
['Drama']
['Drama', 'Comedy']
['Comedy']
['Comedy']
['Drama', 'Romance']
['Drama', 'Fantasy']
['Drama', 'Crime', 'Thriller']
['Action', 'Crime', 'Thriller']
['Action', 'Adventure', 'Drama', 'Thriller']
['Drama', 'Mystery', 'Thriller']
['Action', 'Adventure', 'Comedy', 'Fantasy', 'Science Fiction']
['Comedy', 'Drama']
['Drama', 'Family', 'Fantasy', 'Adventure']
['Horror']
['Action', 'Thriller', 'Crime']
['Drama']
['Action', 'Thriller']
['Action', 'Thriller', 'Drama']
['Comedy']
['Horror', 'Thriller', 'Mystery', 'Fantasy']
['Comedy', 'Crime']
['Drama', 'Horror']
['Drama', 'Romance']
['Action', 'Adventure', 'Science Fiction']
['Adventure', 'Action', 'Science Fiction']
['Adventure', 'Action', 'Thriller']
['Drama', 'Thriller', 'Crime']
['Drama', 'History', 'Crime']
['Action', 'Comedy', 'Crime']
['Drama', 'Romance']
['Thriller', 'Crime']
['Crime', 'Comedy', 'Thriller']
['Comedy', 'Drama']
['Drama', 'Music', 'Romance']
['Drama', 'Comedy']
['Western']
['Comedy']
['Comedy', 'Drama', 'Romance']
['Comedy', 'Romance']
['Drama']
['Adventure', 'Science Fiction', 'Action']
['Crime', 'Drama', 'Thriller']
['Drama', 'Comedy']
['Drama', 'Thriller']
['Action', 'Adventure', 'Thriller']
['Comedy', 'Crime']
['Horror', 'Thriller']
['Documentary', 'Music', 'Family']
['Action', 'Adventure', 'Comedy', 'Romance']
['Horror']
['Action', 'Adventure', 'Thriller']
['Comedy', 'Crime']
['Comedy']
['Horror', 'Mystery', 'Thriller']
['Action', 'Crime', 'Drama']
['Fantasy', 'Action', 'Comedy', 'Crime']
['Drama', 'Mystery', 'Crime']
['Drama', 'Comedy']
['Comedy']
['Action', 'Crime', 'Thriller']
['Family', 'Animation', 'Adventure']
['Drama', 'Thriller', 'Crime']
['Drama', 'Horror']
['Comedy']
['Comedy']
['Action', 'Comedy', 'Science Fiction']
['Comedy', 'Romance']
['Adventure', 'Drama', 'History', 'War']
['Comedy']
['Horror', 'Thriller', 'Science Fiction']
['Fantasy', 'Thriller', 'Horror']
['Comedy', 'Music', 'Romance']
['Action', 'Adventure', 'Science Fiction']
['Adventure', 'Action', 'Drama']
['Crime', 'Drama', 'Science Fiction', 'Thriller']
['Drama', 'Crime']
['Documentary']
['Comedy']
['Drama', 'History']
['Science Fiction', 'Thriller']
['Fantasy']
['Documentary']
['Action', 'Crime', 'Thriller']
['Adventure', 'Action', 'Thriller']
['Drama', 'Comedy', 'Music']
['Action', 'Thriller', 'Science Fiction']
['Action', 'Comedy', 'Drama', 'Thriller']
['Fantasy', 'Horror', 'Science Fiction']
['Crime', 'Comedy', 'Action']
['Comedy', 'Romance']
['Crime', 'Thriller']
['Science Fiction']
['Adventure', 'Comedy', 'Romance']
['Action', 'Adventure', 'Fantasy']
['Action', 'Adventure', 'Fantasy', 'Science Fiction']
['Comedy']
['Comedy', 'Crime', 'Drama', 'Romance', 'Thriller']
['Drama']
['Drama']
['Romance', 'Drama']
['Thriller', 'Comedy', 'Horror']
['Adventure', 'Fantasy', 'Action']
['Drama', 'Romance']
['Mystery', 'Thriller', 'Drama']
['Animation', 'Adventure', 'Comedy', 'Family']
['Drama', 'Crime']
['Action', 'Comedy', 'Crime']
['Adventure', 'Horror', 'Comedy']
['Action', 'Family', 'Science Fiction']
['Comedy']
['Comedy', 'Family']
['Action', 'Adventure', 'Fantasy', 'War']
['Action', 'Adventure', 'Comedy']
['Drama', 'Crime']
['Comedy']
['Music', 'Drama']
['Drama', 'Romance']
['Animation', 'Action', 'Comedy', 'Family', 'Science Fiction']
['Thriller', 'Science Fiction']
['Horror']
['Adventure', 'Fantasy', 'Action', 'Thriller']
['Thriller', 'Action', 'Crime']
['Comedy', 'Drama', 'Romance']
['Horror', 'Thriller']
['Animation', 'Family', 'Adventure', 'Science Fiction']
['Romance', 'Comedy']
['Drama']
['Comedy', 'Mystery', 'Thriller']
['Horror', 'Mystery', 'Thriller']
['Comedy', 'Romance']
['Thriller', 'Action', 'Science Fiction']
['Action', 'Thriller', 'Adventure']
['Action', 'Science Fiction']
['Comedy', 'Drama']
['Comedy']
['Action', 'Comedy', 'Crime']
['Adventure', 'Drama', 'Action']
['Drama', 'Romance', 'War']
['Crime', 'Drama', 'Mystery', 'Thriller']
['Drama', 'Comedy', 'Romance']
['Thriller', 'Science Fiction']
['Comedy', 'Drama', 'Romance']
['Action', 'Drama', 'History', 'Thriller']
['Science Fiction', 'Drama', 'Romance']
['Comedy']
['Documentary']
['Thriller']
['Action', 'Adventure']
['Comedy', 'Adventure']
['Science Fiction', 'Animation', 'Family', 'Comedy', 'Adventure']
['Action', 'Adventure', 'Drama', 'History', 'Western']
['Action', 'Crime', 'Drama', 'Mystery', 'Thriller']
['Drama', 'Horror', 'Thriller']
['Action', 'Crime', 'Drama', 'Thriller']
['Action', 'Adventure', 'Thriller', 'War']
['Comedy', 'Romance']
['Action', 'War', 'Science Fiction']
['Drama', 'Horror', 'Action', 'Thriller', 'Science Fiction']
['Foreign', 'Documentary']
['Action', 'Thriller', 'Crime']
['Action', 'Thriller']
['Action', 'Science Fiction']
['Horror', 'Thriller', 'Comedy']
['Comedy']
['Comedy']
['Drama', 'Action', 'Thriller', 'Crime']
['Comedy']
['Action', 'Crime', 'Drama', 'Thriller']
['Comedy', 'Crime']
['Drama', 'Comedy', 'War']
['Family', 'Animation']
['Action', 'Crime', 'Drama', 'Mystery', 'Thriller']
['Adventure', 'Drama', 'Science Fiction']
['Drama']
['Thriller', 'Drama', 'Romance']
['Documentary']
['Adventure', 'Family']
['Drama']
['Action', 'Drama', 'Romance']
['Drama', 'Thriller', 'Crime', 'Mystery']
['Comedy', 'Family']
['Action', 'Adventure', 'Science Fiction']
['Drama']
['Adventure', 'Drama']
['Action', 'Drama', 'Thriller']
['Drama', 'Crime', 'Thriller']
['Comedy', 'Documentary', 'Music']
['Action', 'Adventure', 'Comedy']
['Action', 'Drama', 'Romance']
['Action', 'Adventure', 'Science Fiction']
['Action', 'Western', 'Drama', 'Fantasy', 'Thriller']
['Drama', 'Mystery', 'Romance']
['Thriller', 'Action', 'Romance', 'Science Fiction', 'Adventure']
['Animation', 'Comedy', 'Drama', 'Family']
['Comedy', 'Romance']
['Adventure', 'Fantasy', 'Action']
['Action', 'Crime', 'Drama', 'Thriller']
['Comedy']
['Music', 'Drama', 'Romance']
['Comedy', 'Family']
['Romance', 'Drama', 'Comedy']
['Adventure', 'Drama', 'Science Fiction']
['Adventure', 'Horror', 'Science Fiction']
['Comedy', 'Drama']
['Action', 'Comedy', 'Crime', 'Thriller']
['Comedy']
['Drama', 'Family']
['Drama', 'Thriller', 'Crime', 'Mystery', 'Romance']
['Family', 'Comedy', 'Music', 'Romance']
['Action', 'Thriller']
['History', 'Drama', 'Western', 'Crime']
['Action', 'Comedy', 'Crime', 'Thriller']
['Thriller', 'Crime', 'Mystery']
['Horror', 'Comedy', 'Fantasy']
['Adventure', 'Fantasy', 'Animation', 'Science Fiction', 'Family']
['Action', 'Drama', 'Thriller']
['Adventure', 'Fantasy', 'Action', 'Science Fiction']
['Action', 'Science Fiction', 'Adventure', 'Fantasy']
['Comedy', 'Romance']
['Comedy', 'Drama']
['Action', 'Adventure', 'Comedy']
['Romance', 'Comedy']
['Drama', 'Romance', 'Fantasy']
['Action', 'Adventure', 'Animation', 'Family']
['Animation', 'Family']
['Adventure', 'Action']
['Drama', 'Horror', 'Thriller']
['Drama', 'Crime']
['Drama', 'Mystery']
['Action', 'Thriller', 'Science Fiction', 'Horror']
['Adventure', 'Family', 'Science Fiction']
['Action', 'Crime', 'Drama', 'Romance', 'Thriller', 'Western']
['Drama', 'Adventure', 'Western']
['Comedy', 'Drama', 'Fantasy', 'Romance']
['Horror', 'Mystery', 'Thriller']
['Drama']
['Comedy', 'Music']
['History', 'Documentary']
['Drama', 'Romance']
['Horror', 'Mystery']
['Comedy']
['Crime', 'Drama', 'Thriller']
['Drama', 'Romance', 'Science Fiction']
['Drama']
['Drama', 'History']
['Action', 'Comedy', 'Thriller', 'Romance']
['Adventure', 'Action', 'Science Fiction', 'Thriller']
['Action', 'Thriller']
['Fantasy', 'Action', 'Adventure']
['Comedy', 'Romance']
['Adventure']
['Drama', 'Music']
['Drama']
['Family', 'Action', 'Adventure']
['Fantasy', 'Adventure', 'Action', 'Family', 'Romance']
['Comedy']
['Drama', 'Thriller']
['Action', 'Comedy', 'Romance', 'Thriller']
['Drama']
['Drama', 'Thriller', 'Mystery']
['Animation', 'Family']
['Drama', 'Thriller', 'Mystery']
['Comedy', 'Romance']
['Comedy']
['Animation', 'Family']
['Fantasy', 'Action', 'Adventure']
['Crime', 'Drama', 'Thriller']
['Adventure', 'Family', 'Fantasy']
['Adventure', 'Action', 'Science Fiction']
['Thriller', 'Drama', 'Adventure', 'Action', 'History']
['Drama', 'History']
['Drama', 'Science Fiction']
['Action', 'Drama', 'Thriller']
['Family', 'Animation']
['Drama']
['Comedy', 'Adventure']
['Crime', 'Drama', 'History']
['Action', 'Thriller']
['Drama', 'Romance']
['Thriller', 'Mystery', 'Adventure']
['Horror', 'Action', 'Science Fiction']
['Documentary']
['Crime', 'Mystery', 'Thriller']
['Drama', 'Mystery']
['Drama', 'Romance']
['Science Fiction', 'Thriller', 'Drama']
['Adventure', 'Family', 'Fantasy', 'Comedy', 'Romance']
['Action', 'Comedy', 'Crime']
['Drama', 'Romance']
['Comedy', 'Drama', 'Romance']
['Animation', 'Comedy', 'Family']
['Drama', 'Comedy', 'Romance']
['Fantasy', 'Action', 'Adventure']
['Drama']
['Drama', 'Music', 'Romance']
['Drama']
['Thriller', 'Crime', 'Mystery']
['Action', 'Science Fiction', 'Fantasy', 'Thriller', 'Horror']
['Fantasy', 'Action', 'Science Fiction', 'Thriller', 'Horror']
['Comedy', 'Mystery']
['Comedy', 'Crime']
['Animation', 'Family', 'Music']
['Thriller', 'Drama', 'Crime']
['Adventure', 'Fantasy', 'Drama']
['Adventure', 'Family', 'Fantasy']
['Animation', 'Adventure', 'Family', 'Fantasy']
['Action', 'Adventure', 'Thriller']
['Comedy', 'Romance']
['Documentary']
['Adventure', 'Comedy', 'Family', 'Fantasy']
['Documentary']
['Action', 'Comedy']
['Animation', 'Comedy', 'Family']
['Comedy', 'Family']
['Drama', 'Mystery']
['Comedy', 'Drama', 'Romance']
['Action', 'Drama', 'Thriller', 'War']
['Drama', 'Action', 'Thriller', 'Crime']
['Music', 'Romance']
['Science Fiction', 'Adventure', 'Family', 'Fantasy']
['Comedy']
['Science Fiction', 'Horror', 'Thriller']
['Horror']
['Drama', 'Family']
['Thriller', 'Drama', 'Crime']
['Comedy', 'Drama', 'Romance']
['Horror', 'Thriller']
['Horror']
['Drama', 'Crime']
['Thriller', 'Action', 'Drama', 'Music', 'Romance']
['Action', 'Adventure', 'Comedy', 'Thriller', 'Crime']
['Crime', 'Drama', 'Mystery', 'Thriller']
['Drama']
['Horror', 'Thriller', 'Science Fiction']
['Thriller']
['Drama', 'Comedy']
['Romance', 'Horror']
['Science Fiction', 'Animation', 'Comedy', 'Family']
['Comedy']
['Comedy']
['Action', 'Drama', 'History']
['Adventure', 'Action', 'Comedy', 'Romance']
['Animation', 'Family']
['Drama']
['Comedy', 'Music']
['Drama']
['Comedy', 'Crime', 'Mystery']
['Comedy', 'Drama']
['Comedy']
['Science Fiction', 'Action', 'Adventure']
['Documentary', 'Music']
['Drama', 'Science Fiction']
['Drama']
['Crime', 'Drama']
['Thriller', 'Science Fiction', 'Action']
['Thriller', 'Drama']
['Action', 'Mystery', 'Thriller']
['Drama', 'Mystery', 'Science Fiction', 'Thriller']
['Action', 'Adventure', 'Comedy', 'Science Fiction']
['Horror']
['Thriller']
['Crime', 'Drama', 'Thriller']
['Comedy']
['Drama', 'History', 'War']
['Drama', 'Comedy']
['Fantasy', 'Comedy', 'Romance', 'Science Fiction']
['Action', 'Crime', 'Thriller', 'Drama']
['Drama', 'Comedy', 'Family']
['Thriller']
['Comedy']
['Action', 'Comedy']
['Animation', 'Family']
['Drama', 'Action', 'Thriller', 'Crime']
['Drama', 'History', 'Romance', 'War']
['Horror', 'Science Fiction', 'Thriller']
['Thriller', 'Science Fiction', 'Drama']
['Thriller', 'Science Fiction', 'Mystery']
['Drama']
['Comedy', 'Romance']
['Drama']
['Comedy', 'Romance', 'Drama']
['Action', 'Science Fiction']
['Action', 'Thriller', 'Crime']
['Drama', 'Romance', 'Thriller']
['Comedy', 'Romance']
['Horror', 'Mystery', 'Thriller']
['Animation', 'Family', 'Adventure']
['Thriller', 'Science Fiction', 'Adventure', 'Action']
['Crime', 'Action', 'Drama']
['Drama', 'Action', 'Thriller']
['Action', 'Drama', 'Thriller', 'Crime', 'Mystery']
['Drama']
['Adventure', 'Action', 'Family']
['Crime', 'Drama', 'Thriller']
['Comedy', 'Romance']
['Comedy', 'Drama']
['Action', 'Crime', 'Thriller']
['Drama', 'History']
['Adventure', 'Animation', 'Comedy', 'Family', 'Fantasy']
['Action', 'Crime', 'Drama', 'Thriller']
['Drama']
['Action', 'Thriller']
['Comedy', 'Adventure']
['Comedy', 'Drama', 'Romance']
['Horror']
['Comedy', 'Drama', 'Family']
['Drama']
['Adventure', 'Animation', 'Family']
['Action', 'Adventure', 'Crime']
['Thriller', 'Action', 'Mystery']
['Drama', 'Thriller', 'Crime']
['Action', 'Comedy']
['Thriller', 'Drama', 'Crime']
['Drama']
['Drama', 'Romance']
['Horror']
['Animation', 'Music', 'Family']
['Action', 'Crime', 'Drama', 'Thriller']
['Fantasy', 'Drama']
['Drama', 'History', 'War']
['Drama', 'History']
['Drama', 'Comedy']
['Adventure', 'Science Fiction']
['Action', 'Comedy', 'Thriller']
['Horror', 'Thriller', 'Crime']
['Adventure', 'Fantasy', 'Drama', 'Romance']
['Action', 'Comedy', 'Crime']
['Drama']
['Thriller', 'Crime', 'Drama']
['Action', 'Adventure', 'Fantasy']
['Crime', 'Drama']
['Drama', 'Fantasy', 'Romance', 'Science Fiction']
['Comedy', 'Crime']
['Crime', 'Drama', 'Thriller', 'Action']
['Action', 'Adventure', 'Mystery', 'Thriller']
['Comedy']
['Action', 'Drama', 'History', 'Western']
['War', 'Adventure', 'Drama', 'Romance']
['Adventure', 'Action', 'Romance', 'Science Fiction']
['Crime', 'Adventure', 'Action', 'Comedy', 'Thriller']
['Family', 'Comedy']
['Thriller', 'Crime', 'Mystery']
['Fantasy', 'Action', 'Science Fiction']
['Comedy', 'Romance', 'Drama']
['Drama', 'Horror', 'Thriller']
['Action', 'Adventure', 'Drama', 'Thriller']
['Fantasy', 'Action', 'Adventure', 'Family']
['History', 'Drama']
['Drama', 'Romance']
['Drama', 'Thriller', 'War']
['Romance', 'Comedy', 'Crime']
['Comedy']
['Drama']
['Drama']
['Crime', 'Drama', 'Thriller']
['Action', 'Science Fiction']
['Animation', 'Family']
['Horror', 'Thriller', 'Drama']
['Mystery', 'Drama', 'Thriller', 'Crime']
['Comedy', 'Crime']
['Comedy', 'Drama']
['Thriller', 'Romance']
['Action', 'Adventure', 'Comedy', 'Thriller']
['Comedy']
['Crime', 'Drama']
['Animation', 'Adventure', 'Family']
['Drama', 'Thriller']
['Crime', 'Drama', 'Thriller']
['Comedy', 'Romance']
['Comedy']
['Comedy', 'Drama']
['Action', 'Drama', 'Mystery', 'Thriller', 'Crime']
['Drama', 'Action', 'Thriller', 'Crime']
['Action', 'Crime', 'Drama', 'Thriller']
['Animation', 'Family']
['Drama', 'Music', 'Romance']
['Action', 'Adventure', 'Family', 'Fantasy']
['Comedy', 'Music', 'Romance', 'Drama']
['Horror', 'Comedy']
['Action', 'Drama', 'Mystery', 'Thriller']
['Drama']
['Fantasy', 'Action']
['Horror', 'Thriller']
['Comedy', 'Romance']
['Drama', 'Romance']
['Comedy']
['Drama']
['Action', 'Science Fiction', 'Drama']
['Adventure', 'Drama', 'Romance']
['Action', 'Comedy']
['Comedy', 'Drama', 'Romance']
['Drama', 'Romance']
['Drama', 'History', 'War']
['Thriller']
['Thriller', 'Science Fiction']
['Drama', 'Horror', 'Thriller']
['Drama', 'History', 'Romance']
['Crime', 'Action', 'Thriller']
['Drama', 'Crime', 'Thriller']
['Romance', 'Comedy']
['Comedy', 'Crime', 'Thriller', 'Romance']
['Drama']
['Drama', 'Mystery', 'Thriller']
['Comedy', 'Drama', 'Romance']
['Adventure', 'Animation', 'Comedy', 'Family', 'Fantasy']
['Drama', 'Comedy', 'Romance']
['Action', 'Crime', 'Drama', 'Mystery', 'Thriller']
['Fantasy']
['Drama', 'War']
['Comedy']
['Thriller', 'Action']
['Family', 'Animation', 'Adventure', 'Comedy']
['Comedy', 'Drama']
['Drama']
['Horror']
['Crime', 'Thriller', 'Comedy']
['Comedy']
['Drama', 'Comedy']
['Family', 'Fantasy', 'Music']
['Drama']
['Adventure', 'Animation', 'Family', 'Fantasy', 'Science Fiction']
['Adventure', 'Action', 'Thriller']
['Drama', 'Adventure', 'Science Fiction']
['Comedy', 'Romance']
['Drama']
['Action', 'Comedy', 'Crime']
['Action', 'Comedy', 'Crime']
['Action', 'Science Fiction', 'War']
['Comedy', 'Crime']
['Comedy', 'Romance', 'Drama']
['Adventure', 'Action', 'Thriller']
['Action', 'Adventure', 'Drama', 'Thriller']
['Comedy']
['Comedy', 'Romance', 'Crime', 'Drama', 'Mystery']
['Drama', 'Thriller', 'War']
['Action', 'Adventure', 'Animation', 'Family', 'Fantasy']
['Drama', 'Comedy']
['Science Fiction', 'Comedy', 'Crime']
['Action', 'Science Fiction']
['Comedy', 'Drama', 'Romance']
['Mystery', 'Thriller']
['Comedy', 'Crime', 'Action']
['Comedy', 'Drama', 'Romance']
['Adventure', 'Action']
['Comedy']
['Horror', 'Thriller']
['Animation', 'Comedy', 'Family']
['Science Fiction', 'Thriller']
['Action', 'Science Fiction', 'Thriller', 'Crime']
['War', 'Action', 'Drama', 'History', 'Thriller']
['Comedy', 'Drama', 'Romance']
['Drama']
['Comedy', 'Drama']
['Comedy', 'Romance']
['Drama']
['Comedy']
['Animation', 'Comedy', 'Family']
['Drama', 'Action', 'War', 'History']
['Horror', 'Mystery', 'Thriller']
['Drama', 'Romance']
['Action', 'Adventure', 'Fantasy', 'Science Fiction']
['Action', 'Adventure', 'Thriller']
['Drama', 'Music', 'Romance']
['Drama', 'Romance']
['Action', 'Crime', 'Mystery', 'Thriller']
['Thriller', 'Drama', 'Crime']
['Drama']
['Action', 'Adventure', 'Crime', 'Mystery']
['Drama']
['Horror', 'Thriller']
['Comedy', 'Drama', 'History']
['Drama']
['Action', 'Adventure', 'Romance', 'Science Fiction', 'Thriller']
['Adventure', 'Comedy', 'Science Fiction']
['Drama']
['Drama', 'Romance', 'War']
['Comedy', 'Science Fiction', 'Adventure', 'Family']
['Animation', 'Family']
['Comedy']
['Action', 'Thriller']
['Adventure', 'Action', 'Horror', 'Science Fiction']
['Animation', 'Comedy', 'Family']
['Western']
['Drama', 'Action', 'Western', 'Music', 'Romance']
['Comedy', 'Romance']
['Adventure', 'Fantasy', 'Animation', 'Action', 'Family']
['Thriller', 'Crime']
['Adventure', 'Animation', 'Comedy', 'Family']
['Action', 'Thriller', 'Adventure']
['Comedy', 'Drama']
['Drama', 'Romance', 'Science Fiction']
['Comedy', 'Romance']
['Western']
['Horror', 'Science Fiction']
['Action', 'Adventure', 'History', 'Romance', 'Drama']
['Drama', 'Horror', 'Science Fiction', 'Thriller']
['Comedy']
['Adventure', 'Thriller', 'Science Fiction']
['Comedy']
['Family', 'Fantasy', 'Science Fiction', 'Adventure']
['Action', 'Comedy', 'Music', 'Romance', 'Western']
['Drama', 'Fantasy']
['Adventure']
['Action', 'Drama', 'Western']
['Comedy', 'Fantasy', 'Science Fiction']
['Fantasy', 'Horror', 'Thriller']
['Adventure', 'Comedy', 'Science Fiction']
['Documentary', 'Family']
['Drama', 'Romance']
['Western', 'Drama']
['Action', 'Comedy']
['Drama', 'Thriller', 'Mystery', 'War']
['Fantasy', 'Comedy', 'Family']
['Action', 'Adventure', 'Drama']
['Comedy', 'Drama', 'Romance']
['Drama']
['Action', 'Adventure', 'Comedy', 'Thriller']
['Drama', 'Comedy', 'Crime']
['Romance', 'Fantasy', 'Animation', 'Music']
['Comedy']
['Drama', 'Romance']
['Crime', 'Action', 'Adventure', 'Drama', 'Western']
['Comedy', 'Drama']
['Family', 'Fantasy']
['Action', 'Fantasy', 'Horror', 'Mystery']
['Horror', 'Thriller', 'Science Fiction']
['Comedy', 'Drama', 'Family']
['Horror', 'Mystery', 'Thriller']
['Western']
['Drama', 'Music']
['Comedy', 'Family', 'Adventure', 'Crime']
['Crime', 'Drama', 'Comedy']
['Thriller', 'Horror']
['Drama']
['Action', 'Crime', 'Thriller']
['Science Fiction', 'Drama', 'Thriller']
['Crime', 'Drama', 'Thriller']
['Drama']
['Comedy', 'Family', 'Science Fiction']
['Drama', 'Romance']
['Fantasy', 'Comedy', 'Romance', 'Science Fiction']
['Action', 'Thriller', 'Science Fiction']
['Comedy']
['Drama', 'Mystery', 'Romance']
['Drama', 'Comedy', 'Romance']
['Comedy', 'Family', 'Science Fiction']
['Action', 'Fantasy', 'Comedy']
['Action', 'Fantasy']
['Comedy', 'Romance']
['Drama', 'War']
['Drama', 'Horror']
['Comedy', 'Family', 'Fantasy']
['Science Fiction']
['Fantasy', 'Horror', 'Action']
['Drama', 'Romance']
['Action', 'Adventure', 'Crime', 'Science Fiction', 'Thriller']
['Adventure', 'Action', 'Thriller', 'Science Fiction']
['Science Fiction', 'Horror', 'Thriller']
['Science Fiction', 'Thriller', 'Romance']
['Drama']
['Horror', 'Crime', 'Thriller']
['Animation', 'Comedy', 'Family']
['Romance', 'Family', 'Animation', 'Music']
['Comedy']
['Action', 'Adventure', 'Comedy']
['Mystery', 'Drama']
['Comedy']
['Western', 'Animation', 'Adventure', 'Comedy', 'Family']
['Comedy', 'Music', 'Romance']
['Comedy', 'Family']
['Action', 'Thriller', 'Science Fiction', 'Adventure']
['Drama']
['Comedy']
['Fantasy', 'Drama', 'Comedy', 'Family']
['Action', 'Adventure', 'Crime', 'Mystery', 'Thriller']
['Comedy']
['Comedy', 'Horror']
['Action', 'Horror', 'Science Fiction', 'Thriller']
['Thriller', 'Science Fiction', 'Drama']
['Drama']
['Horror', 'Mystery', 'Thriller']
['Action', 'Science Fiction', 'Adventure']
['Thriller', 'Action']
['Horror', 'Mystery']
['Comedy']
['Drama', 'Mystery', 'Science Fiction', 'Thriller']
['Action', 'Adventure', 'Science Fiction']
['Drama', 'History']
['Drama', 'Science Fiction']
['Comedy', 'Drama']
['Mystery', 'Adventure', 'Crime']
['Music', 'Drama', 'Romance']
['Comedy', 'Crime', 'Drama']
['Science Fiction']
['Action', 'Crime']
['Comedy', 'Drama', 'Mystery']
['Horror', 'Thriller']
['Adventure', 'Action', 'Thriller']
['Comedy']
['Western', 'History']
['Action', 'Adventure', 'Comedy', 'Thriller']
['Action', 'Drama', 'Mystery', 'Thriller']
['Drama', 'Romance']
['Adventure']
['Animation', 'Adventure', 'Romance']
['Adventure', 'Family', 'Fantasy']
['Action', 'Adventure', 'Science Fiction']
['Drama']
['Animation', 'Comedy', 'Family']
['Comedy', 'Drama']
['Comedy', 'Adventure']
['Adventure', 'Action', 'Thriller']
['Horror', 'Mystery']
['Comedy', 'Romance']
['Adventure', 'Comedy', 'Family', 'Science Fiction']
['Comedy', 'Romance', 'Drama']
['Comedy']
['Comedy', 'Drama', 'Family', 'Fantasy', 'Romance']
['War', 'Crime', 'Drama', 'Mystery', 'Romance', 'Thriller']
['Drama']
['Adventure', 'Action', 'Thriller']
['Drama', 'Comedy', 'Romance']
['Horror', 'Thriller']
['Drama', 'Thriller', 'Mystery']
['Horror', 'Thriller']
['Action', 'Comedy', 'Science Fiction']
['Horror', 'Mystery', 'Thriller']
['Comedy', 'Romance']
['Romance', 'Crime', 'Drama', 'Thriller']
['Drama']
['Drama']
['Comedy', 'Drama', 'Romance']
['Crime', 'Action', 'Thriller']
['Comedy', 'Romance']
['Comedy', 'Family', 'Music']
['Action', 'Thriller', 'Fantasy']
['Comedy']
['Drama']
['Comedy', 'Family']
['Drama', 'Crime', 'Mystery']
['Horror', 'Comedy', 'Crime']
['Drama', 'War']
['Comedy', 'Horror']
['Romance', 'Horror', 'Comedy', 'Thriller']
['Adventure', 'Action', 'Science Fiction']
['Comedy', 'Music', 'Romance']
['Drama', 'Romance']
['Romance', 'Drama']
['Comedy', 'Horror']
['Crime', 'Action', 'Science Fiction']
['Music', 'Drama', 'Romance']
['Comedy', 'Family']
['Horror', 'Action', 'Thriller', 'Science Fiction']
['Drama', 'Romance', 'Thriller']
['Adventure', 'Fantasy', 'Animation', 'Family']
['Drama', 'Action', 'Thriller', 'War']
['Action', 'Adventure', 'Comedy']
['Action', 'Adventure', 'Thriller']
['Documentary']
['Romance', 'Drama', 'Mystery']
['Comedy', 'Action', 'Adventure']
['Comedy']
['Comedy', 'Romance']
['Drama', 'Action', 'Thriller']
['Crime', 'Mystery', 'Thriller']
['Adventure', 'Action', 'Fantasy']
['Drama', 'Mystery', 'Thriller']
['Action']
['Music', 'Documentary']
['Drama', 'Thriller']
['Drama']
['Drama']
['War', 'Drama', 'Romance']
['Comedy', 'Family']
['Action', 'Crime', 'Thriller']
['Mystery', 'Thriller']
['Action', 'Comedy', 'Drama', 'History']
['Action', 'Crime', 'Drama']
['Action']
['Action', 'Thriller', 'Mystery', 'Romance']
['Drama', 'Comedy', 'Family']
['Drama', 'Action', 'Thriller', 'Crime', 'War']
['Drama']
['Drama', 'Crime']
['Romance', 'Science Fiction', 'Horror', 'Action', 'Crime']
['Drama']
['Comedy', 'Drama', 'Romance', 'Thriller']
['Action']
['Crime', 'Fantasy', 'Drama']
['History', 'Drama', 'Music']
['Drama']
['Action', 'Thriller', 'Crime', 'Adventure']
['Adventure', 'Comedy']
['Drama', 'Romance']
['Thriller', 'Adventure', 'Action']
['Science Fiction', 'Adventure', 'Mystery']
['Action', 'Comedy', 'Drama', 'Romance']
['Drama', 'Thriller']
['Crime', 'Drama', 'Action', 'Thriller']
['Action', 'Crime', 'Drama']
['Drama', 'Romance']
['Science Fiction', 'Adventure', 'Mystery']
['Comedy', 'Adventure']
['Action', 'Thriller', 'Crime']
['Action', 'Adventure', 'Crime', 'Drama', 'Thriller', 'Western']
['Comedy']
['Horror', 'Action', 'Drama', 'Fantasy', 'War']
['Action', 'Adventure', 'Comedy']
['Comedy', 'Drama', 'Romance']
['Drama', 'Fantasy']
['Action', 'Crime']
['Drama', 'History', 'Romance']
['Action', 'Science Fiction', 'Thriller']
['Thriller', 'Drama', 'History']
['Action', 'Adventure', 'Thriller', 'War']
['Adventure', 'Drama', 'Family']
['Drama', 'Music', 'Romance']
['Drama', 'Horror', 'Mystery', 'Thriller']
['Adventure', 'Action', 'Thriller', 'Science Fiction']
['Action', 'Adventure', 'Thriller']
['Drama']
['Drama', 'History']
['Comedy', 'Drama']
['Comedy', 'Horror', 'Romance']
['Family', 'Fantasy', 'Adventure']
['Science Fiction', 'Action', 'Adventure', 'Thriller']
['Action', 'Adventure', 'Science Fiction', 'Thriller']
['Drama', 'Fantasy', 'Romance']
['Action', 'Adventure', 'Comedy']
['Crime', 'Drama']
['Action', 'Science Fiction']
['Drama', 'Thriller', 'Mystery', 'Romance']
['Action', 'Adventure', 'Fantasy', 'Horror', 'Science Fiction', 'Thriller']
['Comedy']
['Animation', 'Adventure', 'Comedy', 'Family']
['Adventure', 'Animation', 'Fantasy']
['Comedy', 'Drama']
['Drama', 'Fantasy']
['Action']
['Action', 'Thriller', 'Crime', 'Mystery']
['Comedy']
['Action', 'Adventure', 'Drama']
['Drama', 'Comedy', 'Romance']
['Adventure', 'Fantasy', 'Science Fiction']
['Action', 'Comedy', 'Drama']
['Fantasy', 'Action', 'Science Fiction', 'Thriller']
['Action', 'Drama', 'Thriller']
['Comedy']
['Adventure', 'Action', 'Thriller']
['Action', 'Adventure', 'Fantasy', 'Horror', 'Science Fiction', 'Thriller']
['Fantasy', 'Action', 'Thriller']
['Fantasy', 'Comedy', 'Family']
['Horror']
['Comedy', 'Drama']
['Crime', 'Horror', 'Thriller']
['Crime', 'Comedy']
['Crime', 'Thriller', 'Drama']
['Crime', 'Comedy', 'Drama']
['Drama']
['Drama']
['Crime', 'Drama', 'Mystery', 'Thriller']
['Adventure', 'Action', 'Thriller']
['Drama', 'Fantasy', 'Horror', 'Mystery', 'Romance', 'Thriller']
['Fantasy', 'Adventure', 'Comedy', 'Family']
['Drama', 'Horror', 'Mystery', 'Thriller']
['Adventure', 'Action', 'Science Fiction']
['Documentary']
['Comedy']
['Action', 'Adventure', 'Drama']
['Action']
['Romance', 'Comedy', 'Crime', 'Fantasy']
['Comedy', 'Drama', 'War']
['Drama', 'Comedy', 'Romance', 'Family']
['Action', 'Adventure', 'Crime', 'Drama', 'Mystery', 'Thriller']
['Comedy', 'Romance', 'Science Fiction', 'Drama']
['Action', 'Adventure', 'Thriller']
['Action', 'Drama', 'Mystery', 'Thriller']
['Drama', 'Family']
['Drama']
['Comedy']
['Romance', 'Drama']
['Horror', 'Thriller']
['Adventure', 'Comedy', 'Family', 'Fantasy']
['Action', 'Comedy', 'Family']
['Horror', 'Action', 'Thriller']
['Comedy']
['Drama', 'Mystery', 'Thriller']
['Animation', 'Fantasy', 'Family', 'Comedy']
['Comedy', 'Crime', 'Drama']
['Comedy', 'Drama', 'Romance', 'Science Fiction']
['Crime', 'Drama', 'Thriller']
['Drama', 'Music', 'Romance']
['Drama', 'Thriller']
['Drama', 'Thriller', 'War']
['Adventure', 'Fantasy', 'Action', 'Thriller']
['Action', 'Adventure', 'Science Fiction']
['Drama', 'Comedy', 'Music']
['Comedy', 'Drama', 'Fantasy', 'Romance']
['Drama']
['Action', 'Adventure', 'Thriller']
['Animation', 'Comedy', 'Family', 'Adventure']
['Drama']
['Drama', 'Animation', 'War']
['Drama', 'Thriller']
['Science Fiction', 'Thriller']
['Horror', 'Action', 'Thriller', 'Science Fiction']
['Adventure', 'Animation', 'Comedy', 'Family', 'Fantasy']
['Drama', 'Fantasy', 'Mystery', 'Romance']
['Fantasy', 'Drama', 'Horror', 'Action', 'Thriller']
['Horror', 'Thriller']
['Action', 'Fantasy', 'Science Fiction']
['Drama', 'Romance', 'Comedy', 'Music']
['Drama', 'Thriller', 'Crime', 'Romance']
['Action', 'Science Fiction', 'Adventure']
['Fantasy', 'Drama', 'Comedy', 'Family']
['Adventure', 'Drama', 'Action', 'History', 'War']
['Comedy', 'Romance', 'Drama']
['Drama', 'Action', 'Comedy']
['Action', 'Drama', 'History']
['Comedy']
['Adventure', 'Fantasy', 'Action']
['Drama', 'Romance', 'Comedy']
['Comedy', 'Music']
['Comedy', 'Music']
['Comedy', 'Romance']
['Comedy', 'Romance', 'Science Fiction']
['Comedy', 'Romance']
['Crime', 'Drama']
['Drama', 'Science Fiction']
['Drama', 'Music']
['Romance', 'Drama', 'Comedy']
['Crime', 'Thriller', 'Horror']
['Drama']
['Drama', 'Thriller', 'Crime', 'Mystery']
['Horror', 'Science Fiction']
['Comedy']
['Action', 'Adventure', 'Fantasy']
['Horror', 'Thriller', 'Mystery']
['Fantasy', 'Adventure', 'Animation', 'Family']
['Action', 'Adventure', 'War', 'Thriller']
['Horror', 'Mystery', 'Thriller']
['Animation', 'Adventure', 'Comedy', 'Family']
['Comedy']
['Adventure', 'Fantasy', 'Action', 'Thriller', 'Science Fiction']
['Drama', 'History']
['Science Fiction', 'Drama', 'Thriller']
['Drama', 'Romance']
['Science Fiction', 'Comedy', 'Family', 'Romance']
['History', 'Drama']
['Horror']
['Action', 'Crime', 'Drama']
['Drama', 'Horror']
['Drama', 'Romance']
['Thriller', 'Crime', 'Drama', 'Mystery']
['Comedy', 'Romance']
['Horror', 'Thriller']
['Drama', 'War', 'Action']
['Horror', 'Mystery', 'Crime']
['Drama', 'Romance']
['History']
['Horror', 'Action', 'Thriller', 'Crime']
['Thriller', 'Crime', 'Horror']
['Comedy']
['Comedy', 'Action', 'Science Fiction']
['Action', 'Adventure', 'Comedy', 'Crime', 'Thriller']
['Adventure', 'Fantasy', 'Action', 'Romance']
['Action', 'Thriller', 'Crime']
['Crime', 'Mystery']
['Horror']
['Action', 'Horror', 'Mystery', 'Science Fiction', 'Thriller']
['Horror']
['Drama', 'History', 'Romance']
['Adventure', 'Fantasy', 'Action']
['Drama', 'Adventure', 'Science Fiction', 'Romance']
['Romance', 'Drama']
['Thriller', 'Crime', 'Drama']
['Action', 'Drama', 'History']
['History', 'Drama']
['Action', 'Drama', 'History', 'War']
['Horror', 'Mystery', 'Thriller']
['Adventure', 'Action', 'Comedy', 'Thriller']
['Crime', 'Drama', 'Mystery']
['Drama']
['Action', 'Thriller']
['Drama', 'History', 'Mystery']
['Adventure', 'Action', 'Animation']
['Action', 'Crime', 'Thriller']
['Science Fiction', 'Comedy', 'Family']
['Action', 'Drama', 'Western']
['Drama']
['Animation', 'Comedy', 'Family', 'Western', 'Adventure']
['Adventure', 'Animation', 'Comedy', 'Family']
['Drama', 'History', 'Romance']
['Comedy', 'Drama', 'Fantasy', 'Romance']
['Adventure', 'Fantasy', 'Drama', 'Comedy', 'Music']
['Fantasy', 'Animation', 'Adventure']
['Drama', 'Action', 'History']
['Adventure', 'Fantasy']
['Action', 'Comedy', 'Thriller']
['Crime', 'Drama', 'Thriller']
['Crime', 'Drama']
['Action', 'Adventure', 'Drama', 'Romance']
['Adventure', 'Fantasy', 'Family']
['Drama', 'Music']
['Action', 'War']
['Action', 'Crime', 'Drama', 'Thriller']
['Mystery', 'Horror', 'Action']
['Drama', 'History']
['Comedy', 'Romance', 'Drama']
['Comedy']
['Romance', 'Drama']
['Comedy']
['Science Fiction', 'Action', 'Drama', 'Thriller']
['Comedy', 'Drama']
['Thriller', 'Crime', 'Drama']
['Adventure']
['Horror']
['Comedy', 'Drama', 'Romance']
['Drama', 'War']
['Comedy', 'Romance']
['Adventure', 'Action', 'Thriller']
['Drama', 'War', 'Romance', 'Western']
['Horror', 'Mystery']
['Comedy']
['Drama', 'History']
['Thriller', 'Drama']
['Comedy']
['Thriller', 'Crime', 'Mystery']
['Comedy']
['Comedy', 'Family', 'Drama']
['Comedy', 'Drama', 'Romance']
['Drama', 'History', 'Romance']
['Drama', 'Thriller']
['Adventure', 'Action', 'Comedy', 'Western']
['Drama', 'Fantasy', 'Romance']
['Action', 'Fantasy']
['Comedy']
['Drama', 'Romance']
['Drama']
['Horror']
['Thriller', 'Crime']
['Action', 'Adventure', 'Fantasy']
['Comedy', 'Crime', 'Science Fiction']
['Comedy', 'Family', 'Adventure', 'Fantasy', 'Romance']
['Drama', 'Action', 'Thriller', 'Romance']
['Action', 'Thriller', 'Science Fiction']
['History', 'Drama', 'Thriller', 'War']
['Comedy']
['Western']
['Comedy']
['Thriller', 'Crime', 'Drama', 'Mystery']
['Action', 'Crime', 'Drama']
['Adventure', 'Comedy', 'Crime']
['Action', 'Adventure']
['Horror']
['Romance', 'Drama', 'History', 'War', 'Music']
['Comedy', 'Drama', 'Romance']
['Drama']
['Drama', 'Comedy']
['Animation', 'Family', 'Adventure', 'Comedy']
['Action', 'Comedy', 'Thriller']
['Adventure', 'Science Fiction', 'Mystery']
['Western']
['Family', 'Comedy', 'Fantasy']
['Crime', 'Drama', 'Mystery']
['Comedy', 'Romance']
['Horror', 'Thriller']
['Mystery', 'Horror']
['Horror', 'Thriller', 'Adventure']
['Drama', 'Family', 'Romance']
['Adventure', 'Comedy', 'Drama', 'Family']
['Adventure', 'Drama']
['Action', 'Adventure', 'Comedy', 'Drama', 'Family', 'Music', 'Romance']
['Drama']
['Drama', 'Thriller']
['Fantasy', 'Animation', 'Family']
['Crime', 'Drama']
['Comedy']
['Comedy', 'Crime']
['Drama', 'Music']
['Drama']
['Animation', 'Action', 'Science Fiction', 'Family', 'Adventure']
['Drama', 'History']
['Fantasy', 'Comedy']
['Animation', 'Comedy', 'Family']
['Drama', 'Romance']
['Animation', 'Adventure', 'Family']
['Comedy', 'Romance']
['Comedy', 'Drama']
['Action', 'Adventure', 'Science Fiction']
['Comedy', 'Drama']
['Animation', 'Family', 'Adventure']
['Drama', 'Thriller']
['Fantasy', 'Action', 'Adventure', 'Science Fiction', 'Thriller']
['Drama', 'Horror', 'Thriller']
['Action', 'Adventure', 'Drama', 'History', 'Romance', 'War']
['Drama']
['Comedy', 'Music', 'Family', 'Fantasy', 'Animation']
['Crime', 'Action', 'Comedy']
['Action', 'Thriller', 'War']
['Horror', 'Thriller']
['Animation', 'Action', 'Comedy', 'Family']
['Action']
['Action', 'Thriller', 'Science Fiction', 'Adventure']
['Family', 'Comedy']
['Comedy', 'Crime']
['War']
['Horror']
['Adventure', 'Mystery', 'Thriller']
['Drama']
['Action', 'Adventure', 'Drama', 'History', 'Romance', 'War']
['Action', 'Thriller', 'Science Fiction']
['Drama', 'Music']
['Comedy', 'Romance']
['Comedy', 'Romance']
['Horror', 'Thriller']
['Comedy', 'Crime', 'Horror', 'Thriller']
['Horror', 'Thriller', 'Crime']
['Action', 'History', 'War']
['Comedy']
['Horror', 'Mystery', 'Thriller']
['Comedy', 'Romance']
['Drama', 'War']
['Fantasy', 'Comedy', 'Family']
['Adventure', 'Action', 'Thriller']
['Adventure', 'Animation', 'Comedy', 'Family']
['Action', 'Drama', 'War']
['Adventure', 'Fantasy', 'Family']
['Horror', 'Comedy', 'Fantasy']
['Comedy', 'Fantasy', 'Family', 'Music', 'Animation']
['Adventure', 'Thriller']
['Comedy', 'Romance', 'Family']
['Action', 'Adventure', 'Comedy', 'Science Fiction']
['Animation', 'Family']
['Drama', 'Science Fiction', 'Thriller']
['Comedy', 'Drama']
['Action', 'Thriller']
['Drama', 'Thriller']
['Action', 'Adventure', 'Comedy', 'Crime', 'Thriller']
['Drama', 'Romance']
['Action', 'Thriller', 'Crime']
['Action', 'Adventure', 'Science Fiction', 'Thriller']
['Horror', 'Thriller']
['Action', 'Mystery', 'Science Fiction', 'Thriller']
['Action']
['Comedy', 'Drama']
['Comedy', 'Drama']
['Adventure', 'Animation', 'Family']
['Crime', 'Drama', 'Mystery', 'Thriller']
['Drama']
['Comedy', 'Drama', 'History']
['Action', 'Crime']
['Comedy', 'Drama', 'Romance']
['Horror', 'Mystery', 'Thriller']
['Drama']
['Adventure', 'Fantasy', 'Family']
['Mystery', 'Science Fiction', 'Thriller']
['Western']
['Action']
['Action', 'Comedy']
['Drama', 'Action']
['Adventure', 'Action', 'Science Fiction']
['Drama']
['Comedy', 'Drama']
['Comedy']
['Adventure', 'Fantasy', 'Drama', 'Romance']
['Music', 'Drama', 'Romance', 'Crime']
['Comedy', 'Drama']
['Action', 'Drama', 'Thriller', 'Crime']
['Adventure', 'Fantasy', 'Action', 'Western', 'Thriller']
['Action', 'Adventure', 'Drama', 'Thriller']
['Drama', 'Comedy', 'Family']
['Drama', 'Romance']
['Drama']
['Comedy', 'Horror', 'Fantasy']
['Comedy']
['Action', 'Comedy']
['Horror', 'Thriller']
['Comedy']
['Drama', 'Mystery', 'Thriller', 'Fantasy']
['Fantasy', 'Comedy']
['Horror', 'Comedy', 'Action', 'Science Fiction', 'Thriller']
['Comedy', 'Crime', 'Drama']
['Drama', 'War']
['Action', 'Crime', 'Drama', 'Thriller']
['Comedy']
['Drama', 'Family', 'Music', 'Romance']
['Horror', 'Action', 'Science Fiction']
['Comedy', 'Romance', 'Drama']
['Action', 'Thriller', 'Adventure', 'Science Fiction']
['Drama']
['Drama', 'Science Fiction']
['Drama', 'Action', 'Thriller', 'Science Fiction']
['Adventure', 'Animation', 'Family', 'Fantasy', 'Science Fiction']
['History', 'Action', 'Drama']
['Drama', 'Science Fiction', 'Thriller']
['Music', 'Drama']
['Action', 'Thriller', 'Adventure']
['Action', 'Adventure', 'Comedy', 'Drama', 'Science Fiction', 'Thriller']
['Drama']
['Action', 'Drama', 'Adventure']
['Comedy', 'Romance']
['Crime', 'Thriller', 'Mystery']
['Drama', 'Animation', 'Family']
['Drama', 'Comedy']
['Adventure', 'Action', 'Fantasy']
['Horror', 'Thriller']
['Comedy']
['Action', 'Drama', 'Thriller', 'War']
['Adventure', 'Animation', 'Family', 'Comedy']
['Drama', 'Romance']
['Drama', 'Horror', 'Thriller']
['Drama']
['Comedy', 'Drama', 'Family']
['Action', 'Drama', 'Thriller']
['Action', 'Science Fiction', 'Adventure']
['Comedy']
['Drama']
['Action', 'Thriller', 'Crime']
['Action', 'Adventure', 'Comedy', 'Crime']
['Crime', 'Action', 'Thriller']
['Comedy', 'Romance']
['Drama', 'Adventure', 'History']
['Drama', 'Horror']
['Action', 'Drama', 'History', 'War', 'Adventure']
['Fantasy', 'Drama', 'Romance']
['Drama', 'Mystery', 'Thriller', 'Crime']
['Comedy', 'Drama', 'Family']
['Drama', 'History']
['Action', 'Science Fiction', 'Thriller']
['Comedy']
['Action', 'Thriller', 'Crime']
['Fantasy', 'Thriller', 'Action', 'Crime']
['Drama', 'Comedy']
['Horror', 'Action', 'Science Fiction']
['Mystery', 'Drama', 'Crime', 'Thriller', 'Horror']
['Drama', 'History', 'Romance']
['Drama']
['Drama']
['Horror', 'Science Fiction', 'Mystery']
['Comedy']
['Adventure', 'Fantasy', 'Action']
['Comedy']
['Drama', 'Romance']
['Drama', 'Fantasy', 'Horror', 'Science Fiction', 'Thriller']
['Music', 'Drama', 'Comedy']
['Western', 'History', 'War']
['Drama']
['Horror', 'Thriller']
['Adventure', 'Drama', 'History']
['Drama']
['Drama', 'Thriller', 'History']
['Drama', 'Romance']
['Fantasy', 'Horror', 'Action']
['Comedy']
['Western', 'Drama', 'Adventure', 'Thriller']
['Documentary', 'Comedy']
['Action', 'Adventure', 'Drama', 'Family']
['Drama', 'History', 'Thriller']
['Adventure', 'Animation', 'Comedy', 'Family']
['Fantasy', 'Comedy', 'Animation', 'Science Fiction', 'Family']
['Action', 'Adventure', 'Thriller']
['Comedy', 'Drama', 'Romance']
['Animation', 'Family', 'Comedy', 'Adventure', 'Fantasy', 'Romance']
['Action', 'Comedy', 'Science Fiction']
['Comedy']
['Mystery', 'Thriller', 'Crime']
['Action', 'Thriller', 'Crime']
['Comedy']
['Animation', 'Drama', 'Family']
['Adventure', 'Comedy', 'Science Fiction', 'Family']
['Adventure', 'Comedy', 'Family', 'Fantasy']
['Drama', 'History']
['Action', 'Comedy', 'Romance']
['Adventure', 'Action', 'Thriller', 'Science Fiction']
['Crime', 'Thriller']
['Comedy', 'Drama']
['Comedy', 'Romance']
['Action', 'Fantasy', 'Thriller']
['Adventure', 'Drama', 'Action', 'Thriller']
['Drama', 'Adventure']
['Action', 'Science Fiction', 'Thriller']
['Drama']
['Thriller', 'Horror']
['Thriller', 'Science Fiction']
['Action', 'Adventure', 'Drama', 'Thriller']
['Comedy', 'Action', 'Adventure', 'Fantasy', 'Science Fiction']
['Drama']
['Action', 'Drama', 'Mystery', 'Thriller']
['Animation', 'Family']
['Science Fiction', 'Action', 'Drama', 'Thriller']
['Science Fiction', 'Action', 'Horror']
['Drama']
['Comedy', 'Crime', 'Thriller']
['Adventure', 'Comedy', 'Drama', 'Family', 'Fantasy']
['Comedy', 'Drama', 'Romance']
['Drama']
['Comedy', 'Crime', 'Drama']
['Drama']
['Action', 'Adventure', 'Fantasy']
['Comedy']
['Comedy', 'Family']
['Drama']
['Action', 'Comedy', 'Crime']
['Drama']
['Drama']
['Drama', 'Comedy', 'Romance']
['Animation', 'Family']
['Thriller', 'Drama']
['Drama', 'Romance']
['Comedy', 'Documentary', 'Action']
['Drama']
['Drama', 'Comedy']
['Comedy', 'Drama', 'Music']
['Animation', 'Comedy', 'Family', 'Adventure']
['Action', 'Drama']
['Comedy', 'Romance', 'Drama']
['Action', 'Fantasy', 'Horror', 'Thriller']
['Drama']
['Drama', 'Fantasy', 'Romance']
['Action', 'Adventure', 'War']
['Romance']
['Horror', 'Drama', 'Mystery']
['Action', 'Comedy', 'Thriller']
['Comedy', 'Drama', 'Romance', 'Music']
['Drama', 'Crime']
['Drama', 'Romance']
['Comedy']
['Comedy', 'Romance']
['Comedy', 'Romance']
['Adventure', 'Family', 'Animation', 'Action', 'Comedy']
['Family', 'Comedy', 'Action']
['Crime', 'Drama']
['Thriller', 'Crime']
['Drama']
['Horror', 'Thriller']
['Action', 'Crime', 'Thriller']
['Comedy', 'Music']
['Adventure', 'Action', 'Science Fiction', 'Thriller']
['Comedy', 'Drama', 'Romance']
['Horror', 'Mystery']
['Thriller', 'Science Fiction', 'Mystery', 'Romance']
['Comedy', 'Action', 'Drama']
['Comedy', 'Drama']
['Adventure', 'Drama', 'Fantasy', 'Romance']
['Music', 'Drama', 'Crime', 'Romance']
['Crime', 'Mystery', 'Horror', 'Thriller']
['Western']
['Family', 'Adventure', 'Science Fiction']
['Science Fiction', 'Action', 'Adventure', 'Thriller']
['Comedy', 'Drama', 'Romance']
['Comedy']
['Comedy', 'Science Fiction']
['Fantasy', 'Comedy', 'Science Fiction', 'Family']
['Drama']
['Drama']
['Comedy', 'Drama', 'Romance']
['Crime', 'Drama', 'Mystery', 'Romance']
['Comedy', 'Romance']
['Family', 'Drama']
['Comedy', 'Drama', 'Romance']
['Drama', 'History']
['Drama', 'Romance']
['Action', 'Crime']
['Comedy', 'Drama']
['Drama']
['Animation', 'Comedy', 'Family']
['Crime', 'Drama']
['Adventure', 'Action', 'Horror', 'Science Fiction', 'Thriller']
['Action', 'Adventure', 'Comedy', 'Family']
['Crime', 'Mystery', 'Thriller']
['Horror', 'Thriller']
['Adventure', 'Comedy', 'Drama', 'Romance']
['Comedy', 'Romance']
['Action', 'Thriller']
['Adventure', 'Drama', 'Science Fiction']
['Science Fiction', 'Action', 'Adventure']
['Comedy', 'Family']
['Fantasy']
['Crime', 'Drama']
['Drama', 'Crime']
['Comedy', 'Drama']
['Comedy', 'Family']
['Action', 'Drama', 'Science Fiction', 'Thriller']
['Drama', 'Horror', 'Thriller']
['Adventure', 'Animation', 'Comedy', 'Family']
['Adventure', 'Comedy']
['Adventure', 'Animation', 'Action', 'Comedy', 'Family']
['Action', 'Crime', 'Thriller']
['Adventure', 'Fantasy', 'Science Fiction']
['Fantasy', 'Animation', 'Drama', 'Romance', 'Family']
['Science Fiction', 'Adventure', 'Fantasy']
['Comedy', 'Drama']
['Drama', 'Romance', 'Comedy']
['Western']
['Drama', 'Action', 'Comedy', 'Crime']
['Comedy', 'Drama']
['Thriller', 'Action', 'Adventure', 'Science Fiction']
['Drama', 'Comedy', 'Romance']
['Action', 'Comedy']
['Drama', 'Thriller']
['Comedy', 'Drama']
['Drama']
['Action', 'Science Fiction', 'Thriller']
['Action', 'Adventure', 'Drama', 'Thriller']
['Drama', 'Thriller']
['Adventure', 'Drama']
['Action', 'Comedy', 'Crime']
['Comedy']
['Action', 'Adventure', 'Horror', 'Thriller']
['Comedy']
['Romance', 'Comedy']
['Crime', 'Thriller']
['Drama', 'Mystery', 'Thriller', 'Crime']
['Action', 'Adventure', 'Drama', 'Thriller']
['Music', 'Comedy']
['Fantasy', 'Adventure', 'Animation', 'Comedy', 'Family']
['Comedy']
['Comedy']
['Action', 'Adventure']
['Comedy', 'Family']
['Drama']
['Crime', 'Drama', 'Thriller']
['Comedy', 'Crime']
['Crime', 'Drama', 'Thriller']
['Mystery', 'Thriller', 'Crime']
['Drama', 'Comedy', 'Romance']
['Drama', 'Romance']
['Thriller', 'Action', 'Drama', 'Science Fiction']
['Drama', 'Science Fiction']
['Science Fiction', 'Action', 'Thriller']
['Mystery', 'Thriller', 'Drama']
['Adventure', 'Animation', 'Drama', 'Family', 'Music']
['Drama', 'Thriller']
['Drama', 'Thriller']
['Fantasy', 'Action', 'Thriller', 'Science Fiction']
['Drama', 'Crime']
['Drama', 'Crime']
['Science Fiction', 'Thriller']
['Family', 'Animation', 'Comedy', 'Adventure']
['Comedy', 'Drama', 'Romance']
['Animation', 'Comedy', 'Family', 'Science Fiction']
['Animation', 'Action', 'Comedy', 'Family']
['Horror', 'Mystery', 'Science Fiction']
['Crime', 'Drama']
['Comedy', 'Drama', 'Romance']
['Adventure', 'Comedy', 'Drama']
['Thriller', 'Drama', 'Mystery']
['Comedy', 'Family']
['Action', 'Adventure', 'Comedy']
['Drama']
['Animation', 'Family']
['Comedy']
['Mystery', 'Adventure', 'Comedy']
['Action', 'Adventure', 'Fantasy']
['Drama', 'Thriller']
['Comedy']
['Drama', 'Comedy', 'Romance']
['Drama']
['Adventure', 'Fantasy', 'Family', 'Mystery']
['Comedy']
['Drama', 'War', 'Mystery']
['Comedy']
['Drama', 'History']
['Fantasy', 'Comedy', 'Family']
['Drama', 'Western', 'Crime']
['Action', 'Thriller']
['Drama', 'Romance']
['Drama']
['Drama', 'Action', 'Crime', 'Thriller']
['Drama', 'Action', 'Adventure', 'Fantasy']
['Drama', 'Adventure', 'Action', 'History']
['Comedy']
['Drama', 'History']
['Horror', 'Thriller']
['Adventure', 'Drama', 'War']
['Thriller', 'Drama', 'Horror']
['Thriller', 'Drama']
['Drama', 'Action', 'Crime']
['Action', 'Adventure', 'Comedy']
['Drama', 'Thriller']
['Drama', 'History', 'War']
['Crime', 'Drama', 'Thriller']
['Drama', 'Comedy', 'Romance']
['Adventure', 'Animation', 'Family']
['Comedy', 'Romance', 'Fantasy']
['Thriller', 'Drama', 'Mystery']
['Action', 'Comedy', 'Science Fiction']
['Drama', 'Crime']
['Music', 'Drama']
['Drama', 'Romance', 'War']
['Horror', 'Crime']
['Adventure', 'Fantasy', 'Action']
['Action', 'Drama', 'History']
['Comedy', 'Drama', 'Romance']
['Fantasy', 'Drama', 'Mystery']
['Comedy']
['Comedy', 'Romance']
['Crime', 'Drama', 'Mystery', 'Thriller']
['Comedy', 'Fantasy', 'Science Fiction']
['Crime', 'Drama', 'Family']
['Adventure', 'Fantasy', 'Action']
['Drama']
['Adventure', 'Action', 'Science Fiction']
['Animation', 'Adventure', 'Family', 'Fantasy']
['Fantasy']
['Adventure', 'Drama']
['Crime', 'Drama', 'Mystery']
['Adventure', 'Drama', 'Action', 'History', 'War']
['Comedy', 'Drama', 'Romance']
['Animation', 'Family']
['Animation', 'Comedy', 'Family']
['Drama', 'History', 'War']
['Action', 'Thriller', 'Crime']
['Comedy']
